NAME,ADDRESS,REVIEW_COUNT,CATEGORY,RATING,LATITUDE,LONGITUDE,PRICE,DISPLAY_PHONE,ZIP_CODE,URL,IMAGE_URL
Wow Tikka,"84 Peterborough St, Boston, MA 02215",89,indpak Indian,4.7,42.3431544,-71.0988257,,(857) 250-2062,2215,https://www.yelp.com/biz/wow-tikka-boston-2?adjust_creative=LZkXjIasaeGxsBSkACtcwQ&utm_campaign=yelp_api_v3&utm_medium=api_v3_business_search&utm_source=LZkXjIasaeGxsBSkACtcwQ,https://s3-media1.fl.yelpcdn.com/bphoto/ASKHAgZcX6btQee9Su_rbw/o.jpg
Momo Masala,"2 Perkins Street, Boston, MA 02130",18,indpak Indian himalayan HimalayanNepalese,4.8,42.321775,-71.110396,$$,(617) 702-1033,2130,https://www.yelp.com/biz/momo-masala-boston?adjust_creative=LZkXjIasaeGxsBSkACtcwQ&utm_campaign=yelp_api_v3&utm_medium=api_v3_business_search&utm_source=LZkXjIasaeGxsBSkACtcwQ,https://s3-media2.fl.yelpcdn.com/bphoto/sEPT29reuzv2wsZQdpvjyA/o.jpg
Masala Square Indian Kitchen,"23 Union Sq, Somerville, MA 02143",134,indpak Indian halal Halal cocktailbars Cocktail Bars,4.2,42.379838,-71.096815,$$,(617) 666-9770,2143,https://www.yelp.com/biz/masala-square-indian-kitchen-somerville-2?adjust_creative=LZkXjIasaeGxsBSkACtcwQ&utm_campaign=yelp_api_v3&utm_medium=api_v3_business_search&utm_source=LZkXjIasaeGxsBSkACtcwQ,https://s3-media3.fl.yelpcdn.com/bphoto/8W1NK8_ZfxPbZuDidt_PUQ/o.jpg
India Quality Restaurant,"484 Commonwealth Ave, Boston, MA 02215",897,indpak Indian,3.8,42.348564974,-71.094380837,$$,(617) 267-4499,2215,https://www.yelp.com/biz/india-quality-restaurant-boston?adjust_creative=LZkXjIasaeGxsBSkACtcwQ&utm_campaign=yelp_api_v3&utm_medium=api_v3_business_search&utm_source=LZkXjIasaeGxsBSkACtcwQ,https://s3-media2.fl.yelpcdn.com/bphoto/juWQQVs94gAycob-za2Slw/o.jpg
Kantipur Cafe,"119 Hampshire St, Cambridge, MA 02139",162,indpak Indian himalayan HimalayanNepalese tradamerican American,4.6,42.369968,-71.096042,,(617) 714-3904,2139,https://www.yelp.com/biz/kantipur-cafe-cambridge-2?adjust_creative=LZkXjIasaeGxsBSkACtcwQ&utm_campaign=yelp_api_v3&utm_medium=api_v3_business_search&utm_source=LZkXjIasaeGxsBSkACtcwQ,https://s3-media4.fl.yelpcdn.com/bphoto/H770Touelc49b5vqXl4vlA/o.jpg
Himalayan Kitchen,"40 Bow St, Somerville, MA 02143",358,indpak Indian himalayan HimalayanNepalese,4.7,42.381512,-71.097823,$$,(617) 623-9068,2143,https://www.yelp.com/biz/himalayan-kitchen-somerville-7?adjust_creative=LZkXjIasaeGxsBSkACtcwQ&utm_campaign=yelp_api_v3&utm_medium=api_v3_business_search&utm_source=LZkXjIasaeGxsBSkACtcwQ,https://s3-media2.fl.yelpcdn.com/bphoto/hWhS5X7APosqlH-8AXTFIg/o.jpg
Shanti Indian Cuisine,"1111 Dorchester Ave, Boston, MA 02125",482,indpak Indian bangladeshi Bangladeshi asianfusion Asian Fusion,4.1,42.312648788,-71.057436332,$$,(617) 929-3900,2125,https://www.yelp.com/biz/shanti-indian-cuisine-boston?adjust_creative=LZkXjIasaeGxsBSkACtcwQ&utm_campaign=yelp_api_v3&utm_medium=api_v3_business_search&utm_source=LZkXjIasaeGxsBSkACtcwQ,https://s3-media2.fl.yelpcdn.com/bphoto/VaE5q09a4pouleN3XmSdWQ/o.jpg
Singh's Dhaba,"1001 Massachusetts Ave, Cambridge, MA 02138",61,indpak Indian,4.5,42.36959,-71.11131,,(617) 945-1525,2138,https://www.yelp.com/biz/singhs-dhaba-cambridge?adjust_creative=LZkXjIasaeGxsBSkACtcwQ&utm_campaign=yelp_api_v3&utm_medium=api_v3_business_search&utm_source=LZkXjIasaeGxsBSkACtcwQ,https://s3-media3.fl.yelpcdn.com/bphoto/u3Vp0Q-nO8k1wkFUR5B09w/o.jpg
The Maharaja,"57 Jfk St, Fl 2, Cambridge, MA 02138",669,indpak Indian,3.8,42.372144,-71.120865,$$,(617) 547-2757,2138,https://www.yelp.com/biz/the-maharaja-cambridge?adjust_creative=LZkXjIasaeGxsBSkACtcwQ&utm_campaign=yelp_api_v3&utm_medium=api_v3_business_search&utm_source=LZkXjIasaeGxsBSkACtcwQ,https://s3-media4.fl.yelpcdn.com/bphoto/FdQv6mXCkNMqNnuL7_ikDA/o.jpg
Madras Dosa,"55 Boston Wharf Rd, Boston, MA 02210",128,indpak Indian,3.9,42.35117,-71.04535,$$,(857) 233-5188,2210,https://www.yelp.com/biz/madras-dosa-boston-3?adjust_creative=LZkXjIasaeGxsBSkACtcwQ&utm_campaign=yelp_api_v3&utm_medium=api_v3_business_search&utm_source=LZkXjIasaeGxsBSkACtcwQ,https://s3-media3.fl.yelpcdn.com/bphoto/7zmkZvMbWKn-GNVd1h-Ctw/o.jpg
Shan-A-Punjab,"500 Harvard St, Brookline, MA 02446",506,seafood Seafood indpak Indian buffets Buffets,3.8,42.3480295,-71.129513896,$$,(617) 734-9000,2446,https://www.yelp.com/biz/shan-a-punjab-brookline?adjust_creative=LZkXjIasaeGxsBSkACtcwQ&utm_campaign=yelp_api_v3&utm_medium=api_v3_business_search&utm_source=LZkXjIasaeGxsBSkACtcwQ,https://s3-media4.fl.yelpcdn.com/bphoto/gZl9etdOOMDhvhl6teY2ew/o.jpg
Punjab Palace,"109 Brighton Ave, Allston, MA 02134",904,indpak Indian,4.0,42.352732,-71.130435,$$,(617) 254-1500,2134,https://www.yelp.com/biz/punjab-palace-allston?adjust_creative=LZkXjIasaeGxsBSkACtcwQ&utm_campaign=yelp_api_v3&utm_medium=api_v3_business_search&utm_source=LZkXjIasaeGxsBSkACtcwQ,https://s3-media2.fl.yelpcdn.com/bphoto/Q03tiuW6y3Wj3OEnsQQs6g/o.jpg
Zomsa,"434 Massachusetts Ave, Arlington, MA 02474",23,himalayan HimalayanNepalese,4.8,42.414323276,-71.151128833,,(781) 230-8456,2474,https://www.yelp.com/biz/zomsa-arlington?adjust_creative=LZkXjIasaeGxsBSkACtcwQ&utm_campaign=yelp_api_v3&utm_medium=api_v3_business_search&utm_source=LZkXjIasaeGxsBSkACtcwQ,https://s3-media3.fl.yelpcdn.com/bphoto/9VlVXt6PWEplSu6IBHD4zA/o.jpg
Indian Kitchen,"450 Cambridge St, Allston, MA 02134",64,indpak Indian,4.2,42.353889,-71.135655,,(617) 254-1019,2134,https://www.yelp.com/biz/indian-kitchen-allston?adjust_creative=LZkXjIasaeGxsBSkACtcwQ&utm_campaign=yelp_api_v3&utm_medium=api_v3_business_search&utm_source=LZkXjIasaeGxsBSkACtcwQ,https://s3-media3.fl.yelpcdn.com/bphoto/2WG0XRgXCypawEGxeKMaGg/o.jpg
Punjabi Dhaba,"225 Hampshire St, Cambridge, MA 02139",1018,indpak Indian,3.8,42.37388,-71.1008,$$,(617) 547-8272,2139,https://www.yelp.com/biz/punjabi-dhaba-cambridge?adjust_creative=LZkXjIasaeGxsBSkACtcwQ&utm_campaign=yelp_api_v3&utm_medium=api_v3_business_search&utm_source=LZkXjIasaeGxsBSkACtcwQ,https://s3-media2.fl.yelpcdn.com/bphoto/xtgaZnUg9Gy7LNGnbPVKYA/o.jpg
Sarva Indian Cuisine,"279 Newbury St, Boston, MA 02116",10,indpak Indian cafes Cafes,4.6,42.349412945,-71.08405906,,(617) 418-4995,2116,https://www.yelp.com/biz/sarva-indian-cuisine-boston?adjust_creative=LZkXjIasaeGxsBSkACtcwQ&utm_campaign=yelp_api_v3&utm_medium=api_v3_business_search&utm_source=LZkXjIasaeGxsBSkACtcwQ,https://s3-media3.fl.yelpcdn.com/bphoto/sXxXLvoki27ffdhEHjI3lA/o.jpg
Surya Veg N Dosa,"114 Magazine St, Cambridge, MA 02139",185,indpak Indian fooddeliveryservices Food Delivery Services vegetarian Vegetarian,4.1,42.3598651,-71.1099575,$$,(617) 945-5489,2139,https://www.yelp.com/biz/surya-veg-n-dosa-cambridge?adjust_creative=LZkXjIasaeGxsBSkACtcwQ&utm_campaign=yelp_api_v3&utm_medium=api_v3_business_search&utm_source=LZkXjIasaeGxsBSkACtcwQ,https://s3-media4.fl.yelpcdn.com/bphoto/yzAda5P153YRrRXEZnpHMA/o.jpg
Depth N Green,"7 Broad Canal Way, Cambridge, MA 02142",10,indpak Indian cafes Cafes coffee Coffee Tea,4.1,42.363453587,-71.0829255,,(617) 251-4884,2142,https://www.yelp.com/biz/depth-n-green-cambridge?adjust_creative=LZkXjIasaeGxsBSkACtcwQ&utm_campaign=yelp_api_v3&utm_medium=api_v3_business_search&utm_source=LZkXjIasaeGxsBSkACtcwQ,https://s3-media4.fl.yelpcdn.com/bphoto/fZIZ-CsO6vfl_GPpLv3mFQ/o.jpg
Mela,"578 Tremont St, Boston, MA 02118",716,indpak Indian,3.7,42.3432699,-71.0725,$$,(617) 859-4805,2118,https://www.yelp.com/biz/mela-boston-2?adjust_creative=LZkXjIasaeGxsBSkACtcwQ&utm_campaign=yelp_api_v3&utm_medium=api_v3_business_search&utm_source=LZkXjIasaeGxsBSkACtcwQ,https://s3-media2.fl.yelpcdn.com/bphoto/iHzNVyy4JciVzx8wv6kviw/o.jpg
Madras Dosa - Cambridge,"22 Eliot St, Cambridge, MA 02138",37,indpak Indian sandwiches Sandwiches,4.4,42.37182,-71.12139,,(617) 714-5261,2138,https://www.yelp.com/biz/madras-dosa-cambridge-cambridge?adjust_creative=LZkXjIasaeGxsBSkACtcwQ&utm_campaign=yelp_api_v3&utm_medium=api_v3_business_search&utm_source=LZkXjIasaeGxsBSkACtcwQ,https://s3-media1.fl.yelpcdn.com/bphoto/qBoXEnzOyMUNXv6HQQVksQ/o.jpg
Mirchi Nation-Indian Kitchen,"477 Harvard St, Brookline, MA 02446",20,indpak Indian,4.2,42.347181,-71.128386,,(617) 383-5934,2446,https://www.yelp.com/biz/mirchi-nation-indian-kitchen-brookline?adjust_creative=LZkXjIasaeGxsBSkACtcwQ&utm_campaign=yelp_api_v3&utm_medium=api_v3_business_search&utm_source=LZkXjIasaeGxsBSkACtcwQ,https://s3-media3.fl.yelpcdn.com/bphoto/-P0IVRkh2_EHqvAi70tF-g/o.jpg
Mumbai Spice,"251 Massachusetts Ave, Boston, MA 02115",254,halal Halal indpak Indian chinese Chinese,3.2,42.343839327,-71.086348755,$$,(857) 350-4305,2115,https://www.yelp.com/biz/mumbai-spice-boston?adjust_creative=LZkXjIasaeGxsBSkACtcwQ&utm_campaign=yelp_api_v3&utm_medium=api_v3_business_search&utm_source=LZkXjIasaeGxsBSkACtcwQ,https://s3-media3.fl.yelpcdn.com/bphoto/-NXZalxa1lt2SR7OB9bWPw/o.jpg
Sarma,"249 Pearl St, Somerville, MA 02145",1253,mideastern Middle Eastern tapasmallplates TapasSmall Plates mediterranean Mediterranean,4.4,42.3881803,-71.0955453,$$$,(617) 764-4464,2145,https://www.yelp.com/biz/sarma-somerville?adjust_creative=LZkXjIasaeGxsBSkACtcwQ&utm_campaign=yelp_api_v3&utm_medium=api_v3_business_search&utm_source=LZkXjIasaeGxsBSkACtcwQ,https://s3-media2.fl.yelpcdn.com/bphoto/ePn6eZTdFMRjlbbORF2dwA/o.jpg
D'Guru Restaurant,"92 Bedford St, Boston, MA 02110",151,indpak Indian halal Halal,3.7,42.353160702,-71.059668336,$,(617) 319-4392,2110,https://www.yelp.com/biz/d-guru-restaurant-boston?adjust_creative=LZkXjIasaeGxsBSkACtcwQ&utm_campaign=yelp_api_v3&utm_medium=api_v3_business_search&utm_source=LZkXjIasaeGxsBSkACtcwQ,https://s3-media1.fl.yelpcdn.com/bphoto/90eC2TwIRkLY_mFz0LeA7g/o.jpg
Vaanga,"102 Water St, Boston, MA 02109",113,indpak Indian,3.1,42.35807,-71.05508,,(617) 624-0300,2109,https://www.yelp.com/biz/vaanga-boston?adjust_creative=LZkXjIasaeGxsBSkACtcwQ&utm_campaign=yelp_api_v3&utm_medium=api_v3_business_search&utm_source=LZkXjIasaeGxsBSkACtcwQ,https://s3-media3.fl.yelpcdn.com/bphoto/yMxiZIWugV6JpSc0oZqIYA/o.jpg
Indian Street Cravings,"Boston, MA 02108",3,indpak Indian foodtrucks Food Trucks,3.3,42.357671984,-71.065035089,,(978) 707-4447,2108,https://www.yelp.com/biz/indian-street-cravings-boston?adjust_creative=LZkXjIasaeGxsBSkACtcwQ&utm_campaign=yelp_api_v3&utm_medium=api_v3_business_search&utm_source=LZkXjIasaeGxsBSkACtcwQ,https://s3-media2.fl.yelpcdn.com/bphoto/dJ3n_aR6qeJ0eKrOwZQTPw/o.jpg
Grand India,"1671 Beacon St, Brookline, MA 02445",19,indpak Indian coffee Coffee Tea seafood Seafood,4.7,42.338485804,-71.137496312,,(617) 879-0544,2445,https://www.yelp.com/biz/grand-india-brookline?adjust_creative=LZkXjIasaeGxsBSkACtcwQ&utm_campaign=yelp_api_v3&utm_medium=api_v3_business_search&utm_source=LZkXjIasaeGxsBSkACtcwQ,https://s3-media3.fl.yelpcdn.com/bphoto/MedDyTcBsk_5iJRpZ4q7Bg/o.jpg
Nirvana The Taste of India,"1680 Mass Ave, Cambridge, MA 02138",298,indpak Indian cocktailbars Cocktail Bars,4.0,42.382457,-71.119966,$$,(617) 441-5566,2138,https://www.yelp.com/biz/nirvana-the-taste-of-india-cambridge?adjust_creative=LZkXjIasaeGxsBSkACtcwQ&utm_campaign=yelp_api_v3&utm_medium=api_v3_business_search&utm_source=LZkXjIasaeGxsBSkACtcwQ,https://s3-media4.fl.yelpcdn.com/bphoto/B8ptFYxJyd5ubpRaUO7bLw/o.jpg
Tanjore,"878 Massachusetts Ave, Cambridge, MA 02139",15,indpak Indian newamerican New American sportsbars Sports Bars,3.9,42.36769658,-71.1078825,,(617) 868-1900,2139,https://www.yelp.com/biz/tanjore-cambridge-4?adjust_creative=LZkXjIasaeGxsBSkACtcwQ&utm_campaign=yelp_api_v3&utm_medium=api_v3_business_search&utm_source=LZkXjIasaeGxsBSkACtcwQ,https://s3-media1.fl.yelpcdn.com/bphoto/BOYN8s5C6_7Spru3g1OObA/o.jpg
Tiranga Indian Street Food,"17 Beale St, Quincy, MA 02170",26,indpak Indian vegetarian Vegetarian vegan Vegan,3.8,42.267478277,-71.016880964,,(781) 927-4216,2170,https://www.yelp.com/biz/tiranga-indian-street-food-quincy-2?adjust_creative=LZkXjIasaeGxsBSkACtcwQ&utm_campaign=yelp_api_v3&utm_medium=api_v3_business_search&utm_source=LZkXjIasaeGxsBSkACtcwQ,https://s3-media4.fl.yelpcdn.com/bphoto/asz-RsFGJjAnn08sbYRudQ/o.jpg
Bati by Shanti,"80 Causeway St, Boston, MA 02114",3,indpak Indian,4.0,42.36463,-71.062433,,,2114,https://www.yelp.com/biz/bati-by-shanti-boston?adjust_creative=LZkXjIasaeGxsBSkACtcwQ&utm_campaign=yelp_api_v3&utm_medium=api_v3_business_search&utm_source=LZkXjIasaeGxsBSkACtcwQ,https://s3-media2.fl.yelpcdn.com/bphoto/97zpzbOGq6-pIlFq3qGsvA/o.jpg
Zuzu Momo,"291 Main St, Everett, MA 02149",181,indpak Indian himalayan HimalayanNepalese bars Bars,4.2,42.410743,-71.062405,$$,(617) 917-8140,2149,https://www.yelp.com/biz/zuzu-momo-everett?adjust_creative=LZkXjIasaeGxsBSkACtcwQ&utm_campaign=yelp_api_v3&utm_medium=api_v3_business_search&utm_source=LZkXjIasaeGxsBSkACtcwQ,https://s3-media3.fl.yelpcdn.com/bphoto/YJpn1BhvthdN9m4Kx5pHZg/o.jpg
Tikki Masala,"3706 Washington St, Jamaica Plain, MA 02130",215,indpak Indian,3.9,42.300394,-71.113018,$$,(617) 942-2966,2130,https://www.yelp.com/biz/tikki-masala-jamaica-plain?adjust_creative=LZkXjIasaeGxsBSkACtcwQ&utm_campaign=yelp_api_v3&utm_medium=api_v3_business_search&utm_source=LZkXjIasaeGxsBSkACtcwQ,https://s3-media2.fl.yelpcdn.com/bphoto/ceBHhDVrEkfZnMDgHTH_tg/o.jpg
Himalayan Bistro,"1735 Centre St, West Roxbury, MA 02132",343,himalayan HimalayanNepalese indpak Indian,3.8,42.287444098,-71.149749271,$$,(617) 325-3500,2132,https://www.yelp.com/biz/himalayan-bistro-west-roxbury-5?adjust_creative=LZkXjIasaeGxsBSkACtcwQ&utm_campaign=yelp_api_v3&utm_medium=api_v3_business_search&utm_source=LZkXjIasaeGxsBSkACtcwQ,https://s3-media2.fl.yelpcdn.com/bphoto/Ku7Ahy2Ww4f9muHUk6Pg0g/o.jpg
Singh's Roti Shop,"554 Columbia Rd, Dorchester, MA 02125",298,trinidadian Trinidadian,3.9,42.31630604,-71.0662012,$,(617) 282-7977,2125,https://www.yelp.com/biz/singhs-roti-shop-dorchester?adjust_creative=LZkXjIasaeGxsBSkACtcwQ&utm_campaign=yelp_api_v3&utm_medium=api_v3_business_search&utm_source=LZkXjIasaeGxsBSkACtcwQ,https://s3-media3.fl.yelpcdn.com/bphoto/h14tL44kd29RUkrPDaDy6A/o.jpg
Zam Zam,"42 Riverside Ave, Medford, MA 02155",141,indpak Indian halal Halal pakistani Pakistani,4.1,42.417913824,-71.108367741,$$,(781) 391-1200,2155,https://www.yelp.com/biz/zam-zam-medford?adjust_creative=LZkXjIasaeGxsBSkACtcwQ&utm_campaign=yelp_api_v3&utm_medium=api_v3_business_search&utm_source=LZkXjIasaeGxsBSkACtcwQ,https://s3-media2.fl.yelpcdn.com/bphoto/lBRz8PZo2tSEL-Z8ieA6gw/o.jpg
Guru The Caterer,"1295 Broadway, Somerville, MA 02144",488,indpak Indian halal Halal,4.3,42.40574,-71.13081,$,(617) 718-0078,2144,https://www.yelp.com/biz/guru-the-caterer-somerville-2?adjust_creative=LZkXjIasaeGxsBSkACtcwQ&utm_campaign=yelp_api_v3&utm_medium=api_v3_business_search&utm_source=LZkXjIasaeGxsBSkACtcwQ,https://s3-media2.fl.yelpcdn.com/bphoto/S86qTBUT2EJGFN3pXq9GLw/o.jpg
Shanti Restaurant - Roslindale,"4197 Washington St, Roslindale, MA 02131",196,indpak Indian,4.1,42.287161676,-71.127684287,$$,(617) 325-3900,2131,https://www.yelp.com/biz/shanti-restaurant-roslindale-roslindale-5?adjust_creative=LZkXjIasaeGxsBSkACtcwQ&utm_campaign=yelp_api_v3&utm_medium=api_v3_business_search&utm_source=LZkXjIasaeGxsBSkACtcwQ,https://s3-media2.fl.yelpcdn.com/bphoto/MWQti7O_Rs2fsZzF5VZNiw/o.jpg
Vaisakhi Indian Kitchen,"157 Sutherland Rd, Boston, MA 02135",156,indpak Indian,4.2,42.341073,-71.1468205,$$,(617) 487-8941,2135,https://www.yelp.com/biz/vaisakhi-indian-kitchen-boston-2?adjust_creative=LZkXjIasaeGxsBSkACtcwQ&utm_campaign=yelp_api_v3&utm_medium=api_v3_business_search&utm_source=LZkXjIasaeGxsBSkACtcwQ,https://s3-media2.fl.yelpcdn.com/bphoto/NQidEfCnCqjQGQQ0PEW8dA/o.jpg
India Pavilion,"17 Central Sq, Cambridge, MA 02139",423,indpak Indian,3.5,42.3654119,-71.1045342,$$,(617) 547-7463,2139,https://www.yelp.com/biz/india-pavilion-cambridge?adjust_creative=LZkXjIasaeGxsBSkACtcwQ&utm_campaign=yelp_api_v3&utm_medium=api_v3_business_search&utm_source=LZkXjIasaeGxsBSkACtcwQ,https://s3-media1.fl.yelpcdn.com/bphoto/JEmIXIzCcbmp864DwKahuQ/o.jpg
Ali's Roti Restaurant,"1188 Blue Hill Ave, Mattapan, MA 02126",111,trinidadian Trinidadian,4.1,42.2837699,-71.09133,$,(617) 298-9850,2126,https://www.yelp.com/biz/alis-roti-restaurant-mattapan?adjust_creative=LZkXjIasaeGxsBSkACtcwQ&utm_campaign=yelp_api_v3&utm_medium=api_v3_business_search&utm_source=LZkXjIasaeGxsBSkACtcwQ,https://s3-media2.fl.yelpcdn.com/bphoto/W1MU5HbkTQS4C9DhNKTUqQ/o.jpg
Manosalwa Kabob & Grill,"18 Norwood St, Everett, MA 02149",5,halal Halal indpak Indian pakistani Pakistani,4.2,42.40719,-71.05662,,(617) 389-1800,2149,https://www.yelp.com/biz/manosalwa-kabob-and-grill-everett?adjust_creative=LZkXjIasaeGxsBSkACtcwQ&utm_campaign=yelp_api_v3&utm_medium=api_v3_business_search&utm_source=LZkXjIasaeGxsBSkACtcwQ,https://s3-media2.fl.yelpcdn.com/bphoto/7lXQyU17X8upNhG73j9VfQ/o.jpg
Silk Road Uyghur Cuisine,"645 Cambridge St, Cambridge, MA 02141",222,chinese Chinese halal Halal asianfusion Asian Fusion,4.0,42.37211,-71.08712,$$,(617) 945-1909,2141,https://www.yelp.com/biz/silk-road-uyghur-cuisine-cambridge?adjust_creative=LZkXjIasaeGxsBSkACtcwQ&utm_campaign=yelp_api_v3&utm_medium=api_v3_business_search&utm_source=LZkXjIasaeGxsBSkACtcwQ,https://s3-media3.fl.yelpcdn.com/bphoto/nyj2Oj8QlNbsHBtr0JTH6g/o.jpg
Darbar,"130 N Beacon St, Boston, MA 02135",214,pakistani Pakistani halal Halal indpak Indian,3.6,42.354875625,-71.144702621,$$,(617) 779-8800,2135,https://www.yelp.com/biz/darbar-boston?adjust_creative=LZkXjIasaeGxsBSkACtcwQ&utm_campaign=yelp_api_v3&utm_medium=api_v3_business_search&utm_source=LZkXjIasaeGxsBSkACtcwQ,https://s3-media2.fl.yelpcdn.com/bphoto/vdDl6LWJ6uy8gCOJ5VS95w/o.jpg
D Coal Pot,"984 Hyde Park Ave, Hyde Park, MA 02136",57,trinidadian Trinidadian,4.3,42.265945,-71.121074,$,(857) 345-9512,2136,https://www.yelp.com/biz/d-coal-pot-hyde-park?adjust_creative=LZkXjIasaeGxsBSkACtcwQ&utm_campaign=yelp_api_v3&utm_medium=api_v3_business_search&utm_source=LZkXjIasaeGxsBSkACtcwQ,https://s3-media2.fl.yelpcdn.com/bphoto/Cu27ky1y0LEfYTVPc7vnGw/o.jpg
Rami's,"324 Harvard St, Brookline, MA 02446",448,mideastern Middle Eastern kosher Kosher,3.9,42.343383645,-71.12359821,$$,(617) 738-3577,2446,https://www.yelp.com/biz/ramis-brookline?adjust_creative=LZkXjIasaeGxsBSkACtcwQ&utm_campaign=yelp_api_v3&utm_medium=api_v3_business_search&utm_source=LZkXjIasaeGxsBSkACtcwQ,https://s3-media2.fl.yelpcdn.com/bphoto/MCTRQTKxSrF452PE8AKdmQ/o.jpg
Halal Indian Cuisine,"736 Huntington Ave, Boston, MA 02115",144,indpak Indian halal Halal,3.3,42.3338302,-71.1052057,$$,(617) 232-5000,2115,https://www.yelp.com/biz/halal-indian-cuisine-boston?adjust_creative=LZkXjIasaeGxsBSkACtcwQ&utm_campaign=yelp_api_v3&utm_medium=api_v3_business_search&utm_source=LZkXjIasaeGxsBSkACtcwQ,https://s3-media2.fl.yelpcdn.com/bphoto/OCgX4lVU-qhaS1WAXdgbMg/o.jpg
JP Roti Shop,"482 Washington St, Boston, MA 02124",50,indpak Indian trinidadian Trinidadian,3.9,42.294651864,-71.071761413,$$,(617) 825-4860,2124,https://www.yelp.com/biz/jp-roti-shop-boston-3?adjust_creative=LZkXjIasaeGxsBSkACtcwQ&utm_campaign=yelp_api_v3&utm_medium=api_v3_business_search&utm_source=LZkXjIasaeGxsBSkACtcwQ,https://s3-media4.fl.yelpcdn.com/bphoto/V5eZGTMqTuNm_X4I9zls1A/o.jpg
Al Wadi,"1249 Vfw Pkwy, West Roxbury, MA 02132",343,lebanese Lebanese,4.0,42.277212,-71.172695,$$,(617) 325-3254,2132,https://www.yelp.com/biz/al-wadi-west-roxbury-3?adjust_creative=LZkXjIasaeGxsBSkACtcwQ&utm_campaign=yelp_api_v3&utm_medium=api_v3_business_search&utm_source=LZkXjIasaeGxsBSkACtcwQ,https://s3-media1.fl.yelpcdn.com/bphoto/tu4msyKLgOnEyJqAZJR-xg/o.jpg
Passage to India,"3 Glassworks Ave, Cambridge, MA 02141",276,indpak Indian seafood Seafood beerbar Beer Bar,3.5,42.370972775,-71.075440825,$$,(617) 497-6113,2141,https://www.yelp.com/biz/passage-to-india-cambridge?adjust_creative=LZkXjIasaeGxsBSkACtcwQ&utm_campaign=yelp_api_v3&utm_medium=api_v3_business_search&utm_source=LZkXjIasaeGxsBSkACtcwQ,https://s3-media4.fl.yelpcdn.com/bphoto/Ol9scNbHY06Akqmi0hnmCg/o.jpg
Seoul Soulongtang,"1245 Commonwealth Ave, Boston, MA 02134",652,korean Korean soup Soup,3.8,42.35025153,-71.131804072,$$,(617) 505-6771,2134,https://www.yelp.com/biz/seoul-soulongtang-boston?adjust_creative=LZkXjIasaeGxsBSkACtcwQ&utm_campaign=yelp_api_v3&utm_medium=api_v3_business_search&utm_source=LZkXjIasaeGxsBSkACtcwQ,https://s3-media3.fl.yelpcdn.com/bphoto/TU_oRmLxhEYOw2B32OGpQg/o.jpg
Seoul Jangteo,"151 Brighton Ave, Boston, MA 02134",191,korean Korean chinese Chinese noodles Noodles,3.8,42.35321,-71.13184,$$,(617) 254-2775,2134,https://www.yelp.com/biz/seoul-jangteo-boston-3?adjust_creative=LZkXjIasaeGxsBSkACtcwQ&utm_campaign=yelp_api_v3&utm_medium=api_v3_business_search&utm_source=LZkXjIasaeGxsBSkACtcwQ,https://s3-media3.fl.yelpcdn.com/bphoto/Qtbzl3R6Sl7aMJZCq2-1Dg/o.jpg
Baanga Korean Cuisine,"636 Beacon St, Boston, MA 02215",21,korean Korean,3.2,42.34958,-71.09524,,(617) 936-4252,2215,https://www.yelp.com/biz/baanga-korean-cuisine-boston?adjust_creative=LZkXjIasaeGxsBSkACtcwQ&utm_campaign=yelp_api_v3&utm_medium=api_v3_business_search&utm_source=LZkXjIasaeGxsBSkACtcwQ,https://s3-media1.fl.yelpcdn.com/bphoto/WOl5oJ0M5w120j3yv77ivg/o.jpg
Kaju Tofu House,"58 Harvard Ave, Allston, MA 02134",791,korean Korean,3.9,42.35446,-71.13226,$$,(617) 208-8540,2134,https://www.yelp.com/biz/kaju-tofu-house-allston-2?adjust_creative=LZkXjIasaeGxsBSkACtcwQ&utm_campaign=yelp_api_v3&utm_medium=api_v3_business_search&utm_source=LZkXjIasaeGxsBSkACtcwQ,https://s3-media3.fl.yelpcdn.com/bphoto/tXglGepW9wHfxSBbXrtimw/o.jpg
Seoul Topokki,"166 Harvard Ave, Boston, MA 02134",165,korean Korean,4.0,42.3515284,-71.1314382,$$,(617) 787-5656,2134,https://www.yelp.com/biz/seoul-topokki-boston?adjust_creative=LZkXjIasaeGxsBSkACtcwQ&utm_campaign=yelp_api_v3&utm_medium=api_v3_business_search&utm_source=LZkXjIasaeGxsBSkACtcwQ,https://s3-media1.fl.yelpcdn.com/bphoto/LJM5P1VLaFEVwQEZtAWLSQ/o.jpg
Coreanos Allston,"172 Brighton Ave, Allston, MA 02134",623,korean Korean asianfusion Asian Fusion mexican Mexican,4.3,42.352978931,-71.1330635,$$,(617) 208-8822,2134,https://www.yelp.com/biz/coreanos-allston-allston?adjust_creative=LZkXjIasaeGxsBSkACtcwQ&utm_campaign=yelp_api_v3&utm_medium=api_v3_business_search&utm_source=LZkXjIasaeGxsBSkACtcwQ,https://s3-media2.fl.yelpcdn.com/bphoto/f0V6meSGqz_44qSw7kcmnw/o.jpg
BAB Korean Bistro,"1374 Beacon St, Brookline, MA 02446",240,korean Korean,3.9,42.34189,-71.1235,$$,(617) 383-5575,2446,https://www.yelp.com/biz/bab-korean-bistro-brookline-2?adjust_creative=LZkXjIasaeGxsBSkACtcwQ&utm_campaign=yelp_api_v3&utm_medium=api_v3_business_search&utm_source=LZkXjIasaeGxsBSkACtcwQ,https://s3-media2.fl.yelpcdn.com/bphoto/NisMdkXw5TS_Z-zXQLJ9dQ/o.jpg
Naksan BBQ,"1414 Commonwealth Ave, Boston, MA 02135",193,korean Korean bbq Barbeque,4.0,42.34854,-71.13904,$$$$,(617) 618-0515,2135,https://www.yelp.com/biz/naksan-bbq-boston?adjust_creative=LZkXjIasaeGxsBSkACtcwQ&utm_campaign=yelp_api_v3&utm_medium=api_v3_business_search&utm_source=LZkXjIasaeGxsBSkACtcwQ,https://s3-media4.fl.yelpcdn.com/bphoto/jhh7qUsQpgjEfAKgNYq8og/o.jpg
SOJUba,"1265 Boylston St, Boston, MA 02215",545,korean Korean lounges Lounges chickenwings Chicken Wings,3.8,42.345288359,-71.096362625,$$,(617) 424-1260,2215,https://www.yelp.com/biz/sojuba-boston?adjust_creative=LZkXjIasaeGxsBSkACtcwQ&utm_campaign=yelp_api_v3&utm_medium=api_v3_business_search&utm_source=LZkXjIasaeGxsBSkACtcwQ,https://s3-media1.fl.yelpcdn.com/bphoto/aoVC1PIRBadHrcbPRq1XkQ/o.jpg
Sharon Korean Kitchen,"1727 Centre St, Boston, MA 02132",74,korean Korean,4.6,42.28739,-71.1492,,(617) 477-4578,2132,https://www.yelp.com/biz/sharon-korean-kitchen-boston?adjust_creative=LZkXjIasaeGxsBSkACtcwQ&utm_campaign=yelp_api_v3&utm_medium=api_v3_business_search&utm_source=LZkXjIasaeGxsBSkACtcwQ,https://s3-media3.fl.yelpcdn.com/bphoto/LcdDiVNGZ6fvoQV_DEWg6A/o.jpg
Somaek,"11 Temple Pl, Boston, MA 02111",20,korean Korean,4.0,42.355284,-71.062563,,(857) 449-9003,2111,https://www.yelp.com/biz/somaek-boston?adjust_creative=LZkXjIasaeGxsBSkACtcwQ&utm_campaign=yelp_api_v3&utm_medium=api_v3_business_search&utm_source=LZkXjIasaeGxsBSkACtcwQ,https://s3-media2.fl.yelpcdn.com/bphoto/GwvViJxnteSQfsHSsTOOxw/o.jpg
Gopchang Story,"973 Commonwealth Ave, Boston, MA 02215",116,korean Korean,3.6,42.352,-71.11969,$$$,(617) 208-8276,2215,https://www.yelp.com/biz/gopchang-story-boston?adjust_creative=LZkXjIasaeGxsBSkACtcwQ&utm_campaign=yelp_api_v3&utm_medium=api_v3_business_search&utm_source=LZkXjIasaeGxsBSkACtcwQ,https://s3-media4.fl.yelpcdn.com/bphoto/Cz5kgyIn7g4oesaLTxC2vA/o.jpg
Kaju Tofu House,"636 Beacon St, Boston, MA 02215",152,korean Korean,3.7,42.34960466,-71.0952588,$$,(617) 936-4252,2215,https://www.yelp.com/biz/kaju-tofu-house-boston?adjust_creative=LZkXjIasaeGxsBSkACtcwQ&utm_campaign=yelp_api_v3&utm_medium=api_v3_business_search&utm_source=LZkXjIasaeGxsBSkACtcwQ,https://s3-media1.fl.yelpcdn.com/bphoto/eLji0Kd2t9wBMQxwG1Wy1A/o.jpg
Koreana,"158 Prospect St, Cambridge, MA 02139",883,korean Korean japanese Japanese bbq Barbeque,3.4,42.369130523,-71.101008,$$$,(617) 576-8661,2139,https://www.yelp.com/biz/koreana-cambridge?adjust_creative=LZkXjIasaeGxsBSkACtcwQ&utm_campaign=yelp_api_v3&utm_medium=api_v3_business_search&utm_source=LZkXjIasaeGxsBSkACtcwQ,https://s3-media4.fl.yelpcdn.com/bphoto/QaSXbu_uDonrVVFFefKRAw/o.jpg
Kimchipapi Kitchen,"81 Harvard Ave, Allston, MA 02134",299,korean Korean poke Poke hotdog Hot Dogs,4.3,42.3535219,-71.132465,$$,(617) 208-8005,2134,https://www.yelp.com/biz/kimchipapi-kitchen-allston?adjust_creative=LZkXjIasaeGxsBSkACtcwQ&utm_campaign=yelp_api_v3&utm_medium=api_v3_business_search&utm_source=LZkXjIasaeGxsBSkACtcwQ,https://s3-media2.fl.yelpcdn.com/bphoto/CtVdJxxpam_c7Y2MVWxgsg/o.jpg
Seoul - Boston,"156 Cambridge St, Boston, MA 02114",369,korean Korean sushi Sushi Bars japanese Japanese,3.4,42.36099,-71.06467,$$,(617) 973-6680,2114,https://www.yelp.com/biz/seoul-boston-boston-2?adjust_creative=LZkXjIasaeGxsBSkACtcwQ&utm_campaign=yelp_api_v3&utm_medium=api_v3_business_search&utm_source=LZkXjIasaeGxsBSkACtcwQ,https://s3-media1.fl.yelpcdn.com/bphoto/PumIPOl9SIyiyEmlrVKUWg/o.jpg
Omi Korean Grill,"267 Huntington Ave, Boston, MA 02115",32,korean Korean bbq Barbeque seafood Seafood,3.1,42.342136515,-71.086057444,,(617) 579-8999,2115,https://www.yelp.com/biz/omi-korean-grill-boston?adjust_creative=LZkXjIasaeGxsBSkACtcwQ&utm_campaign=yelp_api_v3&utm_medium=api_v3_business_search&utm_source=LZkXjIasaeGxsBSkACtcwQ,https://s3-media3.fl.yelpcdn.com/bphoto/qXXA6If7vQRJbMNHmtn20g/o.jpg
Hanmaru,"168 Harvard Ave, Allston, MA 02134",227,korean Korean japanese Japanese asianfusion Asian Fusion,3.7,42.351465313,-71.131347156,$$,(617) 779-7907,2134,https://www.yelp.com/biz/hanmaru-allston?adjust_creative=LZkXjIasaeGxsBSkACtcwQ&utm_campaign=yelp_api_v3&utm_medium=api_v3_business_search&utm_source=LZkXjIasaeGxsBSkACtcwQ,https://s3-media4.fl.yelpcdn.com/bphoto/7id3TLd3pjxkgvTjdyuDHA/o.jpg
Buk Kyung,"9A Union Sq, Somerville, MA 02143",298,korean Korean seafood Seafood,3.7,42.379501769,-71.0955993,$$,(617) 623-7220,2143,https://www.yelp.com/biz/buk-kyung-somerville?adjust_creative=LZkXjIasaeGxsBSkACtcwQ&utm_campaign=yelp_api_v3&utm_medium=api_v3_business_search&utm_source=LZkXjIasaeGxsBSkACtcwQ,https://s3-media4.fl.yelpcdn.com/bphoto/jNRLwSvSLZGxcX3iifsi_w/o.jpg
Koy,"16 North St, Boston, MA 02109",747,korean Korean asianfusion Asian Fusion sushi Sushi Bars,3.9,42.360593136,-71.056273071,$$,(857) 991-1483,2109,https://www.yelp.com/biz/koy-boston?adjust_creative=LZkXjIasaeGxsBSkACtcwQ&utm_campaign=yelp_api_v3&utm_medium=api_v3_business_search&utm_source=LZkXjIasaeGxsBSkACtcwQ,https://s3-media1.fl.yelpcdn.com/bphoto/v0b4D2yu0Y8czT9I_hRk7w/o.jpg
Kong Dog,"236 Elm St, Somerville, MA 02144",105,korean Korean bubbletea Bubble Tea hotdog Hot Dogs,3.6,42.39485,-71.12187,,(617) 764-5888,2144,https://www.yelp.com/biz/kong-dog-somerville?adjust_creative=LZkXjIasaeGxsBSkACtcwQ&utm_campaign=yelp_api_v3&utm_medium=api_v3_business_search&utm_source=LZkXjIasaeGxsBSkACtcwQ,https://s3-media2.fl.yelpcdn.com/bphoto/7-2JmoOD0QgcMud0opXRjg/o.jpg
Perillas - Boston,"380 Western Ave, Boston, MA 02134",33,korean Korean,4.2,42.362732268,-71.137695716,,,2134,https://www.yelp.com/biz/perillas-boston-boston-2?adjust_creative=LZkXjIasaeGxsBSkACtcwQ&utm_campaign=yelp_api_v3&utm_medium=api_v3_business_search&utm_source=LZkXjIasaeGxsBSkACtcwQ,https://s3-media4.fl.yelpcdn.com/bphoto/OvhLoy77ptC6mDuZWp3YkA/o.jpg
Korean Garden Restaurant,"122 Harvard Ave, Allston, MA 02134",322,korean Korean,3.0,42.3524765,-71.1317555,$$,(617) 562-8989,2134,https://www.yelp.com/biz/korean-garden-restaurant-allston?adjust_creative=LZkXjIasaeGxsBSkACtcwQ&utm_campaign=yelp_api_v3&utm_medium=api_v3_business_search&utm_source=LZkXjIasaeGxsBSkACtcwQ,https://s3-media3.fl.yelpcdn.com/bphoto/SNd2xAydK7QHpE2xoWKfUw/o.jpg
Myung Dong 1st Ave,"90 Harvard Ave, Allston, MA 02134",367,korean Korean bars Bars,3.2,42.3533858,-71.131871795,$$,(617) 206-3229,2134,https://www.yelp.com/biz/myung-dong-1st-ave-allston?adjust_creative=LZkXjIasaeGxsBSkACtcwQ&utm_campaign=yelp_api_v3&utm_medium=api_v3_business_search&utm_source=LZkXjIasaeGxsBSkACtcwQ,https://s3-media1.fl.yelpcdn.com/bphoto/3GAuYA9npVLsybRO60MSgw/o.jpg
Bibim Box,"84 Mass Ave, Cambridge, MA 02138",2,korean Korean,4.0,42.359014,-71.0947224,,(781) 561-5808,2138,https://www.yelp.com/biz/bibim-box-cambridge?adjust_creative=LZkXjIasaeGxsBSkACtcwQ&utm_campaign=yelp_api_v3&utm_medium=api_v3_business_search&utm_source=LZkXjIasaeGxsBSkACtcwQ,https://s3-media2.fl.yelpcdn.com/bphoto/2yFsD2HUoR4J8DR5FHiZ8g/o.jpg
Woori,"9 Medford St, Arlington, MA 02474",205,korean Korean,3.9,42.414888293,-71.150982678,$$,(781) 648-4781,2474,https://www.yelp.com/biz/woori-arlington?adjust_creative=LZkXjIasaeGxsBSkACtcwQ&utm_campaign=yelp_api_v3&utm_medium=api_v3_business_search&utm_source=LZkXjIasaeGxsBSkACtcwQ,https://s3-media3.fl.yelpcdn.com/bphoto/LhBBTNAOXwPc3E2C3aOl0w/o.jpg
BAB Korean Bistro - Malden,"205 Centre St, Malden, MA 02148",42,korean Korean,4.0,42.42504,-71.06701,,(781) 322-5333,2148,https://www.yelp.com/biz/bab-korean-bistro-malden-malden?adjust_creative=LZkXjIasaeGxsBSkACtcwQ&utm_campaign=yelp_api_v3&utm_medium=api_v3_business_search&utm_source=LZkXjIasaeGxsBSkACtcwQ,https://s3-media4.fl.yelpcdn.com/bphoto/jRPbGzn_uR3QhV2JvAZBiQ/o.jpg
OliToki,"76 Brighton Ave, Boston, MA 02134",191,korean Korean asianfusion Asian Fusion mexican Mexican,4.1,42.352425,-71.128841,$,(617) 202-5038,2134,https://www.yelp.com/biz/olitoki-boston?adjust_creative=LZkXjIasaeGxsBSkACtcwQ&utm_campaign=yelp_api_v3&utm_medium=api_v3_business_search&utm_source=LZkXjIasaeGxsBSkACtcwQ,https://s3-media2.fl.yelpcdn.com/bphoto/TIPciCrEo7mPNdVIQQF4tw/o.jpg
Sura Korean Bbq,"27 Riverside Ave, Medford, MA 02155",435,korean Korean bbq Barbeque buffets Buffets,3.5,42.417827487,-71.108707134,$$$,(781) 391-5606,2155,https://www.yelp.com/biz/sura-korean-bbq-medford?adjust_creative=LZkXjIasaeGxsBSkACtcwQ&utm_campaign=yelp_api_v3&utm_medium=api_v3_business_search&utm_source=LZkXjIasaeGxsBSkACtcwQ,https://s3-media4.fl.yelpcdn.com/bphoto/c1XBumjtQ7905I_QATGhJQ/o.jpg
bb.q Chicken Kenmore,"636 Beacon St, Boston, MA 02215",43,korean Korean chickenwings Chicken Wings chickenshop Chicken Shop,4.0,42.34958,-71.09524,,(617) 208-8823,2215,https://www.yelp.com/biz/bb-q-chicken-kenmore-boston?adjust_creative=LZkXjIasaeGxsBSkACtcwQ&utm_campaign=yelp_api_v3&utm_medium=api_v3_business_search&utm_source=LZkXjIasaeGxsBSkACtcwQ,https://s3-media2.fl.yelpcdn.com/bphoto/uQh2YFB00weAszgf9todJw/o.jpg
Bonchon,"123 Brighton Ave, Boston, MA 02134",1226,korean Korean chickenwings Chicken Wings asianfusion Asian Fusion,3.6,42.35304,-71.13089,$$,(617) 254-8888,2134,https://www.yelp.com/biz/bonchon-boston?adjust_creative=LZkXjIasaeGxsBSkACtcwQ&utm_campaign=yelp_api_v3&utm_medium=api_v3_business_search&utm_source=LZkXjIasaeGxsBSkACtcwQ,https://s3-media2.fl.yelpcdn.com/bphoto/ZomutXOdHvUPHE-NqhTBSg/o.jpg
Fiya Chicken,"1024 Commonwealth Ave, Boston, MA 02215",161,chickenwings Chicken Wings korean Korean sandwiches Sandwiches,4.0,42.351478,-71.121847,$$,(617) 302-6082,2215,https://www.yelp.com/biz/fiya-chicken-boston?adjust_creative=LZkXjIasaeGxsBSkACtcwQ&utm_campaign=yelp_api_v3&utm_medium=api_v3_business_search&utm_source=LZkXjIasaeGxsBSkACtcwQ,https://s3-media4.fl.yelpcdn.com/bphoto/kvXbB4G7knC5_u2Yr038tQ/o.jpg
Haju Kitchen,"175 Massachusetts Ave, Boston, MA 02115",155,korean Korean,3.4,42.3458242,-71.0874054,$$,(617) 982-7118,2115,https://www.yelp.com/biz/haju-kitchen-boston-3?adjust_creative=LZkXjIasaeGxsBSkACtcwQ&utm_campaign=yelp_api_v3&utm_medium=api_v3_business_search&utm_source=LZkXjIasaeGxsBSkACtcwQ,https://s3-media2.fl.yelpcdn.com/bphoto/ircCc68bmNN0smGI-IfXxA/o.jpg
bb.q Chicken - Jamaica Plain,"654 Ctr St, Jamaica Plain, MA 02130",6,korean Korean chickenshop Chicken Shop chickenwings Chicken Wings,4.0,42.313042,-71.113939,,(617) 942-8830,2130,https://www.yelp.com/biz/bb-q-chicken-jamaica-plain-jamaica-plain?adjust_creative=LZkXjIasaeGxsBSkACtcwQ&utm_campaign=yelp_api_v3&utm_medium=api_v3_business_search&utm_source=LZkXjIasaeGxsBSkACtcwQ,https://s3-media1.fl.yelpcdn.com/bphoto/TNWb23xaO8Us1R92aljocA/o.jpg
bb.q Chicken Boylston,"62 Boylston St, Boston, MA 02116",28,korean Korean chickenshop Chicken Shop chickenwings Chicken Wings,3.6,42.352104133,-71.064355835,,(617) 423-6888,2116,https://www.yelp.com/biz/bb-q-chicken-boylston-boston?adjust_creative=LZkXjIasaeGxsBSkACtcwQ&utm_campaign=yelp_api_v3&utm_medium=api_v3_business_search&utm_source=LZkXjIasaeGxsBSkACtcwQ,https://s3-media1.fl.yelpcdn.com/bphoto/Dqp03GVDNMir1LIQLTqvNw/o.jpg
Bonchon,"57 John F Kennedy St, Cambridge, MA 02138",521,korean Korean chickenwings Chicken Wings asianfusion Asian Fusion,3.2,42.37204,-71.12073,$$,(617) 758-3988,2138,https://www.yelp.com/biz/bonchon-cambridge-13?adjust_creative=LZkXjIasaeGxsBSkACtcwQ&utm_campaign=yelp_api_v3&utm_medium=api_v3_business_search&utm_source=LZkXjIasaeGxsBSkACtcwQ,https://s3-media3.fl.yelpcdn.com/bphoto/tt633JInC1aJBjcqW6V1gA/o.jpg
bb.q Chicken Allston,"182 Harvard Ave, Boston, MA 02134",365,korean Korean chickenshop Chicken Shop chickenwings Chicken Wings,3.4,42.351066874,-71.131166518,$$,(617) 903-3359,2134,https://www.yelp.com/biz/bb-q-chicken-allston-boston?adjust_creative=LZkXjIasaeGxsBSkACtcwQ&utm_campaign=yelp_api_v3&utm_medium=api_v3_business_search&utm_source=LZkXjIasaeGxsBSkACtcwQ,https://s3-media3.fl.yelpcdn.com/bphoto/S5R4dHlOSQSgvkbqeQFq4Q/o.jpg
Bell86,"308 Harvard St, Brookline, MA 02446",1,korean Korean,5.0,42.342875558,-71.123429444,,(617) 505-5723,2446,https://www.yelp.com/biz/bell86-brookline?adjust_creative=LZkXjIasaeGxsBSkACtcwQ&utm_campaign=yelp_api_v3&utm_medium=api_v3_business_search&utm_source=LZkXjIasaeGxsBSkACtcwQ,
Ichiban Yakitori Sushi House,"14 Westland Ave, Boston, MA 02115",227,korean Korean asianfusion Asian Fusion japanese Japanese,3.8,42.343311179,-71.086650098,$$,(617) 236-7907,2115,https://www.yelp.com/biz/ichiban-yakitori-sushi-house-boston?adjust_creative=LZkXjIasaeGxsBSkACtcwQ&utm_campaign=yelp_api_v3&utm_medium=api_v3_business_search&utm_source=LZkXjIasaeGxsBSkACtcwQ,https://s3-media1.fl.yelpcdn.com/bphoto/xDoC3ZfGn6XfS07L1giphg/o.jpg
bb.q Chicken Cambridge,"736 Massachusetts Ave, Cambridge, MA 02139",14,korean Korean chickenwings Chicken Wings chickenshop Chicken Shop,3.4,42.366048,-71.105278,,(617) 945-7676,2139,https://www.yelp.com/biz/bb-q-chicken-cambridge-cambridge-3?adjust_creative=LZkXjIasaeGxsBSkACtcwQ&utm_campaign=yelp_api_v3&utm_medium=api_v3_business_search&utm_source=LZkXjIasaeGxsBSkACtcwQ,https://s3-media4.fl.yelpcdn.com/bphoto/j6EWU21MoLkrg_pjfPVoFg/o.jpg
BiBim Box,"196 Quincy St, Boston, MA 02125",24,foodtrucks Food Trucks korean Korean,4.5,42.313084,-71.074242,,(781) 561-5808,2125,https://www.yelp.com/biz/bibim-box-boston-2?adjust_creative=LZkXjIasaeGxsBSkACtcwQ&utm_campaign=yelp_api_v3&utm_medium=api_v3_business_search&utm_source=LZkXjIasaeGxsBSkACtcwQ,https://s3-media1.fl.yelpcdn.com/bphoto/JjAnufGHRd2Q_1vIwvhp9w/o.jpg
Ginger Exchange,"98 Main St, Watertown, MA 02472",87,asianfusion Asian Fusion korean Korean,3.4,42.366766224,-71.186921514,,(617) 393-9889,2472,https://www.yelp.com/biz/ginger-exchange-watertown?adjust_creative=LZkXjIasaeGxsBSkACtcwQ&utm_campaign=yelp_api_v3&utm_medium=api_v3_business_search&utm_source=LZkXjIasaeGxsBSkACtcwQ,https://s3-media1.fl.yelpcdn.com/bphoto/JHhV9Do52qdSToEFYABolQ/o.jpg
Inchu,"401 Park Dr, Time Out Market, Boston, MA 02215",18,korean Korean popuprestaurants PopUp Restaurants asianfusion Asian Fusion,3.8,42.344218225,-71.102570239,,,2215,https://www.yelp.com/biz/inchu-boston?adjust_creative=LZkXjIasaeGxsBSkACtcwQ&utm_campaign=yelp_api_v3&utm_medium=api_v3_business_search&utm_source=LZkXjIasaeGxsBSkACtcwQ,https://s3-media2.fl.yelpcdn.com/bphoto/JpYVxcViuQmvbbFHPlPmaw/o.jpg
Misono,"669 Vfw Pkwy, Chestnut Hill, MA 02467",242,japanese Japanese korean Korean sushi Sushi Bars,3.5,42.29631276,-71.156908034,$$,(617) 325-9919,2467,https://www.yelp.com/biz/misono-chestnut-hill?adjust_creative=LZkXjIasaeGxsBSkACtcwQ&utm_campaign=yelp_api_v3&utm_medium=api_v3_business_search&utm_source=LZkXjIasaeGxsBSkACtcwQ,https://s3-media4.fl.yelpcdn.com/bphoto/Qd86bzSiSN0j2d_7HE4UCQ/o.jpg
Bonne Chance Cafe,"77 Canal St, Boston, MA 02114",59,salad Salad breakfastbrunch Breakfast Brunch korean Korean,4.4,42.36421,-71.05952,$,(617) 742-3115,2114,https://www.yelp.com/biz/bonne-chance-cafe-boston-2?adjust_creative=LZkXjIasaeGxsBSkACtcwQ&utm_campaign=yelp_api_v3&utm_medium=api_v3_business_search&utm_source=LZkXjIasaeGxsBSkACtcwQ,https://s3-media4.fl.yelpcdn.com/bphoto/rJYihrgJ4c90VjXMusyKOw/o.jpg
Bonchon,"65 Newport Ave, Ste 7, Quincy, MA 02171",40,asianfusion Asian Fusion chickenwings Chicken Wings korean Korean,3.0,42.2709673,-71.0274754,,(617) 657-5008,2171,https://www.yelp.com/biz/bonchon-quincy?adjust_creative=LZkXjIasaeGxsBSkACtcwQ&utm_campaign=yelp_api_v3&utm_medium=api_v3_business_search&utm_source=LZkXjIasaeGxsBSkACtcwQ,https://s3-media3.fl.yelpcdn.com/bphoto/vkLo_nI6lVrJ9BAk8quW-A/o.jpg
JP Seafood Cafe,"730 Centre St, Jamaica Plain, MA 02130",380,japanese Japanese korean Korean seafood Seafood,3.8,42.31085478,-71.114426851,$$,(617) 983-5177,2130,https://www.yelp.com/biz/jp-seafood-cafe-jamaica-plain?adjust_creative=LZkXjIasaeGxsBSkACtcwQ&utm_campaign=yelp_api_v3&utm_medium=api_v3_business_search&utm_source=LZkXjIasaeGxsBSkACtcwQ,https://s3-media4.fl.yelpcdn.com/bphoto/GKcMEmEAdMFjSGGeYgEXRg/o.jpg
bb.q Chicken North Quincy,"60 Billings Rd, Quincy, MA 02171",80,chickenshop Chicken Shop korean Korean chickenwings Chicken Wings,3.6,42.27413,-71.02464,$$,(617) 786-8788,2171,https://www.yelp.com/biz/bb-q-chicken-north-quincy-quincy?adjust_creative=LZkXjIasaeGxsBSkACtcwQ&utm_campaign=yelp_api_v3&utm_medium=api_v3_business_search&utm_source=LZkXjIasaeGxsBSkACtcwQ,https://s3-media2.fl.yelpcdn.com/bphoto/sm55V15p5IEfoA6EDnFLMg/o.jpg
Nowon,"117 Seaport Blvd, Boston, MA 02210",0,gastropubs Gastropubs korean Korean,0.0,42.351037055,-71.044828,,,2210,https://www.yelp.com/biz/nowon-boston?adjust_creative=LZkXjIasaeGxsBSkACtcwQ&utm_campaign=yelp_api_v3&utm_medium=api_v3_business_search&utm_source=LZkXjIasaeGxsBSkACtcwQ,
Ginger Exchange Express,"1181 Massachusetts Ave, Arlington, MA 02476",23,sushi Sushi Bars korean Korean asianfusion Asian Fusion,3.2,42.423633485,-71.175041912,,(781) 316-8898,2476,https://www.yelp.com/biz/ginger-exchange-express-arlington?adjust_creative=LZkXjIasaeGxsBSkACtcwQ&utm_campaign=yelp_api_v3&utm_medium=api_v3_business_search&utm_source=LZkXjIasaeGxsBSkACtcwQ,https://s3-media3.fl.yelpcdn.com/bphoto/fIPmbQjpkXuauiWE6_ijQw/o.jpg
Lolita Cocina & Tequila Bar,"271 Dartmouth St, Boston, MA 02116",2583,mexican Mexican lounges Lounges cocktailbars Cocktail Bars,4.0,42.35069,-71.07736,$$,(617) 369-0931,2116,https://www.yelp.com/biz/lolita-cocina-and-tequila-bar-boston-4?adjust_creative=LZkXjIasaeGxsBSkACtcwQ&utm_campaign=yelp_api_v3&utm_medium=api_v3_business_search&utm_source=LZkXjIasaeGxsBSkACtcwQ,https://s3-media2.fl.yelpcdn.com/bphoto/tNXiny9PvaOD3q2kPD6mFg/o.jpg
Cósmica,"40 Berkeley St, Boston, MA 02116",161,mexican Mexican cocktailbars Cocktail Bars,3.8,42.34594,-71.07087,$$,(617) 313-7878,2116,https://www.yelp.com/biz/c%C3%B3smica-boston-3?adjust_creative=LZkXjIasaeGxsBSkACtcwQ&utm_campaign=yelp_api_v3&utm_medium=api_v3_business_search&utm_source=LZkXjIasaeGxsBSkACtcwQ,https://s3-media2.fl.yelpcdn.com/bphoto/H8UeMHaaomGilO2nzpxJ1w/o.jpg
Sabina Mezcaleria,"253 Newbury St, Boston, MA 02116",22,cocktailbars Cocktail Bars mexican Mexican tapas Tapas Bars,4.1,42.349707729,-71.0829487,,(857) 449-6023,2116,https://www.yelp.com/biz/sabina-mezcaleria-boston?adjust_creative=LZkXjIasaeGxsBSkACtcwQ&utm_campaign=yelp_api_v3&utm_medium=api_v3_business_search&utm_source=LZkXjIasaeGxsBSkACtcwQ,https://s3-media2.fl.yelpcdn.com/bphoto/6Yqd1mtSGDUj8nEJZ0oghw/o.jpg
Maria's Taqueria,"226 Tremont St, Boston, MA 02116",380,mexican Mexican,4.1,42.35139,-71.06457,$,(617) 357-7399,2116,https://www.yelp.com/biz/marias-taqueria-boston?adjust_creative=LZkXjIasaeGxsBSkACtcwQ&utm_campaign=yelp_api_v3&utm_medium=api_v3_business_search&utm_source=LZkXjIasaeGxsBSkACtcwQ,https://s3-media1.fl.yelpcdn.com/bphoto/jGBGK1Z5-5KZChXGxGYeww/o.jpg
Mamacita Mexican Comida,"329 Huntington Ave, Boston, MA 02115",42,mexican Mexican,4.4,42.34093,-71.08819,,(857) 233-2508,2115,https://www.yelp.com/biz/mamacita-mexican-comida-boston?adjust_creative=LZkXjIasaeGxsBSkACtcwQ&utm_campaign=yelp_api_v3&utm_medium=api_v3_business_search&utm_source=LZkXjIasaeGxsBSkACtcwQ,https://s3-media2.fl.yelpcdn.com/bphoto/x7PlD8GcpKj7qGjqq4bHNA/o.jpg
El Jefe's Taqueria,"80 Boylston St, Boston, MA 02116",125,tacos Tacos,4.0,42.35223,-71.06491,,(617) 936-3610,2116,https://www.yelp.com/biz/el-jefes-taqueria-boston?adjust_creative=LZkXjIasaeGxsBSkACtcwQ&utm_campaign=yelp_api_v3&utm_medium=api_v3_business_search&utm_source=LZkXjIasaeGxsBSkACtcwQ,https://s3-media3.fl.yelpcdn.com/bphoto/8sFZE_pTwisXVnutxaO_gw/o.jpg
Bartaco,"100 Van Ness St, Ste 106, Boston, MA 02215",19,tacos Tacos cocktailbars Cocktail Bars,3.9,42.344725904,-71.1000983,,(617) 915-8226,2215,https://www.yelp.com/biz/bartaco-boston?adjust_creative=LZkXjIasaeGxsBSkACtcwQ&utm_campaign=yelp_api_v3&utm_medium=api_v3_business_search&utm_source=LZkXjIasaeGxsBSkACtcwQ,https://s3-media2.fl.yelpcdn.com/bphoto/30HVPkWeYx9goKwMiqpjZQ/o.jpg
Sombrero Chiquito,"197 Mass Ave Boston 02115, Boston, MA 02115",56,mexican Mexican,4.5,42.345257,-71.087092,,(857) 265-3254,2115,https://www.yelp.com/biz/sombrero-chiquito-boston-2?adjust_creative=LZkXjIasaeGxsBSkACtcwQ&utm_campaign=yelp_api_v3&utm_medium=api_v3_business_search&utm_source=LZkXjIasaeGxsBSkACtcwQ,https://s3-media4.fl.yelpcdn.com/bphoto/jnZs931sWErY69_7b2Mmww/o.jpg
El Pelón Taquería,"92 Peterborough St, Boston, MA 02215",1215,mexican Mexican,4.1,42.34322172,-71.098965241,$,(617) 262-9090,2215,https://www.yelp.com/biz/el-pel%C3%B3n-taquer%C3%ADa-boston-3?adjust_creative=LZkXjIasaeGxsBSkACtcwQ&utm_campaign=yelp_api_v3&utm_medium=api_v3_business_search&utm_source=LZkXjIasaeGxsBSkACtcwQ,https://s3-media2.fl.yelpcdn.com/bphoto/4HUWsGZp29Q5r94KuV3Xlg/o.jpg
Naco Taco on Newbury,"354 Newbury St, Boston, MA 02115",53,tacos Tacos foodtrucks Food Trucks,4.3,42.34808,-71.0874,$,(617) 945-1548,2115,https://www.yelp.com/biz/naco-taco-on-newbury-boston?adjust_creative=LZkXjIasaeGxsBSkACtcwQ&utm_campaign=yelp_api_v3&utm_medium=api_v3_business_search&utm_source=LZkXjIasaeGxsBSkACtcwQ,https://s3-media1.fl.yelpcdn.com/bphoto/nxdxVKVtLzkCiQHPp2HnMg/o.jpg
Loco Taqueria & Oyster Bar - Fenway,"61 Brookline Ave, Boston, MA 02215",58,salad Salad tacos Tacos cocktailbars Cocktail Bars,3.6,42.3472,-71.099,,(857) 277-0769,2215,https://www.yelp.com/biz/loco-taqueria-and-oyster-bar-fenway-boston?adjust_creative=LZkXjIasaeGxsBSkACtcwQ&utm_campaign=yelp_api_v3&utm_medium=api_v3_business_search&utm_source=LZkXjIasaeGxsBSkACtcwQ,https://s3-media3.fl.yelpcdn.com/bphoto/eUWQKRBA8m5kEbljcEKTEw/o.jpg
El Jefe’s Taqueria - Symphony,"269 Huntington Ave, Boston, MA 02115",64,mexican Mexican breakfastbrunch Breakfast Brunch,4.0,42.342115022,-71.086113643,$,(617) 936-3651,2115,https://www.yelp.com/biz/el-jefe-s-taqueria-symphony-boston?adjust_creative=LZkXjIasaeGxsBSkACtcwQ&utm_campaign=yelp_api_v3&utm_medium=api_v3_business_search&utm_source=LZkXjIasaeGxsBSkACtcwQ,https://s3-media2.fl.yelpcdn.com/bphoto/XgWRURiunjRig5fmbj_JnA/o.jpg
Gogo ya,"401 Park Dr, Time Out Market, Boston, MA 02215",43,japanese Japanese tacos Tacos,3.8,42.34396,-71.10319,$$,(978) 393-8088,2215,https://www.yelp.com/biz/gogo-ya-boston?adjust_creative=LZkXjIasaeGxsBSkACtcwQ&utm_campaign=yelp_api_v3&utm_medium=api_v3_business_search&utm_source=LZkXjIasaeGxsBSkACtcwQ,https://s3-media1.fl.yelpcdn.com/bphoto/gMwIBJdMPeCnAR5eOSguWQ/o.jpg
