name,address,review_count,category,rating,Latitude,Longitude,price,display_phone,zip_code,url,image_url
CVS Pharmacy,"1341 Boylston St, Boston, MA 02215",6,drugstores Drugstores convenience Convenience Stores pharmacy Pharmacy,1.7,42.34466114406294,-71.0995618732025,,(857) 317-5221,02215,https://www.yelp.com/biz/cvs-pharmacy-boston-66?adjust_creative=LZkXjIasaeGxsBSkACtcwQ&utm_campaign=yelp_api_v3&utm_medium=api_v3_business_search&utm_source=LZkXjIasaeGxsBSkACtcwQ,https://s3-media4.fl.yelpcdn.com/bphoto/1q7ZKRy3-KjnZLzUqUveiw/o.jpg
CVS Pharmacy,"231 Massachusetts Ave, Boston, MA 02115",46,drugstores Drugstores pharmacy Pharmacy convenience Convenience Stores,2.3,42.344311,-71.086757,$,(617) 266-6775,02115,https://www.yelp.com/biz/cvs-pharmacy-boston-62?adjust_creative=LZkXjIasaeGxsBSkACtcwQ&utm_campaign=yelp_api_v3&utm_medium=api_v3_business_search&utm_source=LZkXjIasaeGxsBSkACtcwQ,https://s3-media2.fl.yelpcdn.com/bphoto/N4yud0Cas76nIToPxfODyQ/o.jpg
CVS Pharmacy,"350 Longwood Ave, Boston, MA 02115",17,drugstores Drugstores pharmacy Pharmacy convenience Convenience Stores,3.7,42.338628132107374,-71.1072339622408,$$,(617) 731-5753,02115,https://www.yelp.com/biz/cvs-pharmacy-boston-27?adjust_creative=LZkXjIasaeGxsBSkACtcwQ&utm_campaign=yelp_api_v3&utm_medium=api_v3_business_search&utm_source=LZkXjIasaeGxsBSkACtcwQ,https://s3-media2.fl.yelpcdn.com/bphoto/QcVR5dVP_F2aIlHEFYxDJQ/o.jpg
CVS Pharmacy,"300 Longwood Ave, Boston, MA 02115",8,drugstores Drugstores convenience Convenience Stores pharmacy Pharmacy,3.6,42.33737687153401,-71.105933,$$,(617) 975-3500,02115,https://www.yelp.com/biz/cvs-pharmacy-boston-20?adjust_creative=LZkXjIasaeGxsBSkACtcwQ&utm_campaign=yelp_api_v3&utm_medium=api_v3_business_search&utm_source=LZkXjIasaeGxsBSkACtcwQ,https://s3-media1.fl.yelpcdn.com/bphoto/yOaUkDqF1n7xX2AKU2h3pg/o.jpg
Cvs/Pharmacy,"730 Commonwealth Ave, Brookline, MA 02446",13,drugstores Drugstores,2.1,42.34972,71.10687,$$,(617) 731-4556,02446,https://www.yelp.com/biz/cvs-pharmacy-brookline-13?adjust_creative=LZkXjIasaeGxsBSkACtcwQ&utm_campaign=yelp_api_v3&utm_medium=api_v3_business_search&utm_source=LZkXjIasaeGxsBSkACtcwQ,https://s3-media3.fl.yelpcdn.com/bphoto/rIxC1YuA3hFjdWEewxx4tA/o.jpg
CVS Pharmacy,"800 Boylston St, Boston, MA 02199",8,pharmacy Pharmacy drugstores Drugstores convenience Convenience Stores,2.6,42.34751,-71.08135,,(617) 880-1497,02199,https://www.yelp.com/biz/cvs-pharmacy-boston-77?adjust_creative=LZkXjIasaeGxsBSkACtcwQ&utm_campaign=yelp_api_v3&utm_medium=api_v3_business_search&utm_source=LZkXjIasaeGxsBSkACtcwQ,https://s3-media2.fl.yelpcdn.com/bphoto/4lxsRXtaGWM0bQ1wxsvdkQ/o.jpg
CVS Pharmacy,"240 Newbury St, Boston, MA 02116",30,drugstores Drugstores pharmacy Pharmacy convenience Convenience Stores,3.1,42.349506,-71.081843,$$,(617) 236-4007,02116,https://www.yelp.com/biz/cvs-pharmacy-boston-17?adjust_creative=LZkXjIasaeGxsBSkACtcwQ&utm_campaign=yelp_api_v3&utm_medium=api_v3_business_search&utm_source=LZkXjIasaeGxsBSkACtcwQ,https://s3-media4.fl.yelpcdn.com/bphoto/VuNbhUHftk5ktNu50q8TmQ/o.jpg
CVS Pharmacy,"900 Commonwealth Ave, Boston, MA 02215",17,drugstores Drugstores pharmacy Pharmacy convenience Convenience Stores,2.5,42.350578,-71.116226,$$,(617) 232-2100,02215,https://www.yelp.com/biz/cvs-pharmacy-boston-61?adjust_creative=LZkXjIasaeGxsBSkACtcwQ&utm_campaign=yelp_api_v3&utm_medium=api_v3_business_search&utm_source=LZkXjIasaeGxsBSkACtcwQ,https://s3-media2.fl.yelpcdn.com/bphoto/XMte7ZzV0q84QYwYij0c9g/o.jpg
CVS Pharmacy,"587 Boylston St, Boston, MA 02116",54,drugstores Drugstores pharmacy Pharmacy convenience Convenience Stores,2.8,42.350517,-71.076915,$$,(617) 437-8414,02116,https://www.yelp.com/biz/cvs-pharmacy-boston-32?adjust_creative=LZkXjIasaeGxsBSkACtcwQ&utm_campaign=yelp_api_v3&utm_medium=api_v3_business_search&utm_source=LZkXjIasaeGxsBSkACtcwQ,https://s3-media3.fl.yelpcdn.com/bphoto/2JoVstS8TYXbc8XxFAu_gg/o.jpg
CVS Pharmacy,"285 Columbus Avenue, Boston, MA 02116",31,drugstores Drugstores pharmacy Pharmacy convenience Convenience Stores,4,42.34732,-71.0738,$,(617) 236-8538,02116,https://www.yelp.com/biz/cvs-pharmacy-boston-63?adjust_creative=LZkXjIasaeGxsBSkACtcwQ&utm_campaign=yelp_api_v3&utm_medium=api_v3_business_search&utm_source=LZkXjIasaeGxsBSkACtcwQ,https://s3-media2.fl.yelpcdn.com/bphoto/49ZWWzXYZWc0WFP2Cz1xQA/o.jpg
CVS Pharmacy,"294 Harvard St, Brookline, MA 02446",75,drugstores Drugstores pharmacy Pharmacy convenience Convenience Stores,1.9,42.342964,-71.123031,$,(617) 731-6860,02446,https://www.yelp.com/biz/cvs-pharmacy-brookline-14?adjust_creative=LZkXjIasaeGxsBSkACtcwQ&utm_campaign=yelp_api_v3&utm_medium=api_v3_business_search&utm_source=LZkXjIasaeGxsBSkACtcwQ,https://s3-media2.fl.yelpcdn.com/bphoto/Rtu_WCGL3Gsry1vhFaBbvw/o.jpg
CVS Pharmacy,"400 Washington St, Brookline, MA 02446",21,drugstores Drugstores pharmacy Pharmacy convenience Convenience Stores,1.8,42.33467,-71.12384,$$,(617) 277-6626,02446,https://www.yelp.com/biz/cvs-pharmacy-brookline-7?adjust_creative=LZkXjIasaeGxsBSkACtcwQ&utm_campaign=yelp_api_v3&utm_medium=api_v3_business_search&utm_source=LZkXjIasaeGxsBSkACtcwQ,https://s3-media2.fl.yelpcdn.com/bphoto/eBJsrWZ254lZDiu9oDPtVw/o.jpg
CVS Pharmacy,"400 Tremont Street, Boston, MA 02116",20,drugstores Drugstores convenience Convenience Stores pharmacy Pharmacy,2.9,42.347163,-71.068211,$,(617) 542-2107,02116,https://www.yelp.com/biz/cvs-pharmacy-boston-5?adjust_creative=LZkXjIasaeGxsBSkACtcwQ&utm_campaign=yelp_api_v3&utm_medium=api_v3_business_search&utm_source=LZkXjIasaeGxsBSkACtcwQ,https://s3-media2.fl.yelpcdn.com/bphoto/4G6YsgrNgC5ky8kHSyfD7A/o.jpg
CVS Pharmacy,"624 Massachusetts Ave, Cambridge, MA 02139",85,drugstores Drugstores pharmacy Pharmacy convenience Convenience Stores,2.2,42.365025,-71.103702,$,(617) 876-7868,02139,https://www.yelp.com/biz/cvs-pharmacy-cambridge-4?adjust_creative=LZkXjIasaeGxsBSkACtcwQ&utm_campaign=yelp_api_v3&utm_medium=api_v3_business_search&utm_source=LZkXjIasaeGxsBSkACtcwQ,https://s3-media4.fl.yelpcdn.com/bphoto/rbi8p3WJpq0yIFJqz5whdA/o.jpg
CVS Pharmacy,"341 Harrison Ave, Boston, MA 02118",8,pharmacy Pharmacy convenience Convenience Stores drugstores Drugstores,2.8,42.3454,-71.0639,,(617) 556-3922,02118,https://www.yelp.com/biz/cvs-pharmacy-boston-67?adjust_creative=LZkXjIasaeGxsBSkACtcwQ&utm_campaign=yelp_api_v3&utm_medium=api_v3_business_search&utm_source=LZkXjIasaeGxsBSkACtcwQ,https://s3-media4.fl.yelpcdn.com/bphoto/XwfPAJcjzlBq9eHX133Imw/o.jpg
CVS Pharmacy,"467 Centre St, Jamaica Plain, MA 02130",41,pharmacy Pharmacy drugstores Drugstores convenience Convenience Stores,1.9,42.319392,-71.112038,$$,(617) 522-8062,02130,https://www.yelp.com/biz/cvs-pharmacy-jamaica-plain?adjust_creative=LZkXjIasaeGxsBSkACtcwQ&utm_campaign=yelp_api_v3&utm_medium=api_v3_business_search&utm_source=LZkXjIasaeGxsBSkACtcwQ,https://s3-media1.fl.yelpcdn.com/bphoto/gY_2eMwVpA5i0VUWpQhoQA/o.jpg
CVS Pharmacy,"155 Charles St, Boston, MA 02114",16,drugstores Drugstores pharmacy Pharmacy convenience Convenience Stores,3.6,42.36066,-71.07057,$$$,(617) 523-1028,02114,https://www.yelp.com/biz/cvs-pharmacy-boston-21?adjust_creative=LZkXjIasaeGxsBSkACtcwQ&utm_campaign=yelp_api_v3&utm_medium=api_v3_business_search&utm_source=LZkXjIasaeGxsBSkACtcwQ,https://s3-media1.fl.yelpcdn.com/bphoto/Yju2ut3IS7XkpIhuIGfTPg/o.jpg
CVS,"1266 Commonwealth Ave, Allston, MA 02134",1,pharmacy Pharmacy drugstores Drugstores convenience Convenience Stores,1,42.34903204730243,-71.1325056,,(617) 277-6080,02134,https://www.yelp.com/biz/cvs-allston?adjust_creative=LZkXjIasaeGxsBSkACtcwQ&utm_campaign=yelp_api_v3&utm_medium=api_v3_business_search&utm_source=LZkXjIasaeGxsBSkACtcwQ,
CVS Pharmacy,"631 Washington Street, Boston, MA 02111",40,drugstores Drugstores pharmacy Pharmacy convenience Convenience Stores,3.2,42.352601,-71.062991,$,(617) 338-0128,02111,https://www.yelp.com/biz/cvs-pharmacy-boston-3?adjust_creative=LZkXjIasaeGxsBSkACtcwQ&utm_campaign=yelp_api_v3&utm_medium=api_v3_business_search&utm_source=LZkXjIasaeGxsBSkACtcwQ,https://s3-media3.fl.yelpcdn.com/bphoto/LvsgQkoTozjnynuIxMEcEA/o.jpg
CVS,"100 Cambridgeside Pl, Cambridge, MA 02141",12,pharmacy Pharmacy,2.8,42.36763062392639,-71.07658675993096,,(617) 294-5871,02141,https://www.yelp.com/biz/cvs-cambridge-7?adjust_creative=LZkXjIasaeGxsBSkACtcwQ&utm_campaign=yelp_api_v3&utm_medium=api_v3_business_search&utm_source=LZkXjIasaeGxsBSkACtcwQ,https://s3-media1.fl.yelpcdn.com/bphoto/IwmDv-5rtYen3JMDNEgE4g/o.jpg
CVS Pharmacy,"181 Brighton Ave, Allston, MA 02134",24,drugstores Drugstores pharmacy Pharmacy convenience Convenience Stores,3,42.353793,-71.133608,$$,(617) 779-7313,02134,https://www.yelp.com/biz/cvs-pharmacy-allston-3?adjust_creative=LZkXjIasaeGxsBSkACtcwQ&utm_campaign=yelp_api_v3&utm_medium=api_v3_business_search&utm_source=LZkXjIasaeGxsBSkACtcwQ,https://s3-media2.fl.yelpcdn.com/bphoto/Ac8hIONr6HZqQjsSQ-f33A/o.jpg
CVS Pharmacy,"191 Cambridge St, Charles River Plaza, Boston, MA 02114",30,drugstores Drugstores pharmacy Pharmacy convenience Convenience Stores,2.7,42.36138,-71.0657,$$,(617) 367-0441,02114,https://www.yelp.com/biz/cvs-pharmacy-boston-7?adjust_creative=LZkXjIasaeGxsBSkACtcwQ&utm_campaign=yelp_api_v3&utm_medium=api_v3_business_search&utm_source=LZkXjIasaeGxsBSkACtcwQ,https://s3-media3.fl.yelpcdn.com/bphoto/fbKC9ECvJAv9nfrVWdIYJw/o.jpg
CVS,"225 Cambridge St, Cambridge, MA 02141",3,drugstores Drugstores,4.7,42.37124,-71.07964,,(617) 661-5711,02141,https://www.yelp.com/biz/cvs-cambridge-10?adjust_creative=LZkXjIasaeGxsBSkACtcwQ&utm_campaign=yelp_api_v3&utm_medium=api_v3_business_search&utm_source=LZkXjIasaeGxsBSkACtcwQ,
CVS Pharmacy,"225 Cambridge St, Cambridge, MA 02141",13,convenience Convenience Stores drugstores Drugstores pharmacy Pharmacy,2.2,42.37124,-71.07964,,(617) 528-2109,02141,https://www.yelp.com/biz/cvs-pharmacy-cambridge-21?adjust_creative=LZkXjIasaeGxsBSkACtcwQ&utm_campaign=yelp_api_v3&utm_medium=api_v3_business_search&utm_source=LZkXjIasaeGxsBSkACtcwQ,https://s3-media3.fl.yelpcdn.com/bphoto/oDdhJF7MZhqJit6D8SLd6Q/o.jpg
CVS Pharmacy,"333 Washington St, Downtown Crossing, Boston, MA 02108",49,drugstores Drugstores pharmacy Pharmacy convenience Convenience Stores,3.2,42.356999,-71.059286,$,(617) 742-0783,02108,https://www.yelp.com/biz/cvs-pharmacy-boston-30?adjust_creative=LZkXjIasaeGxsBSkACtcwQ&utm_campaign=yelp_api_v3&utm_medium=api_v3_business_search&utm_source=LZkXjIasaeGxsBSkACtcwQ,https://s3-media2.fl.yelpcdn.com/bphoto/V4dTJzLmaxkc432EkXH38Q/o.jpg
CVS Pharmacy,"700 Atlantic Ave, Boston, MA 02111",16,drugstores Drugstores pharmacy Pharmacy convenience Convenience Stores,2.7,42.35119,-71.05605,$,(617) 737-7232,02111,https://www.yelp.com/biz/cvs-pharmacy-boston-51?adjust_creative=LZkXjIasaeGxsBSkACtcwQ&utm_campaign=yelp_api_v3&utm_medium=api_v3_business_search&utm_source=LZkXjIasaeGxsBSkACtcwQ,https://s3-media3.fl.yelpcdn.com/bphoto/lnYSRcSwiJ9O7uNml7WP3g/o.jpg
CVS Pharmacy,"180 Somerville Ave, Somerville, MA 02143",4,drugstores Drugstores pharmacy Pharmacy convenience Convenience Stores,4,42.37638,-71.090214,,(617) 776-4919,02143,https://www.yelp.com/biz/cvs-pharmacy-somerville-6?adjust_creative=LZkXjIasaeGxsBSkACtcwQ&utm_campaign=yelp_api_v3&utm_medium=api_v3_business_search&utm_source=LZkXjIasaeGxsBSkACtcwQ,https://s3-media1.fl.yelpcdn.com/bphoto/6mVPB6CaG_2aC3KMjPzRHw/o.jpg
CVS Pharmacy,"704 Centre St, Jamaica Plain, MA 02130",41,drugstores Drugstores pharmacy Pharmacy convenience Convenience Stores,2.3,42.31146,-71.114021,$,(617) 524-4714,02130,https://www.yelp.com/biz/cvs-pharmacy-jamaica-plain-4?adjust_creative=LZkXjIasaeGxsBSkACtcwQ&utm_campaign=yelp_api_v3&utm_medium=api_v3_business_search&utm_source=LZkXjIasaeGxsBSkACtcwQ,https://s3-media1.fl.yelpcdn.com/bphoto/0B0q_CZ35TeSUWHIRp96UQ/o.jpg
CVS Pharmacy,"6 John F Kennedy St, Cambridge, MA 02138",51,drugstores Drugstores pharmacy Pharmacy convenience Convenience Stores,2.6,42.373209,-71.119368,$$,(617) 354-4420,02138,https://www.yelp.com/biz/cvs-pharmacy-cambridge-16?adjust_creative=LZkXjIasaeGxsBSkACtcwQ&utm_campaign=yelp_api_v3&utm_medium=api_v3_business_search&utm_source=LZkXjIasaeGxsBSkACtcwQ,https://s3-media2.fl.yelpcdn.com/bphoto/rRrqKBPmkJcIu0ROQvuRCg/o.jpg
CVS Pharmacy,"778 Dudley St, Dorchester, MA 02125",13,drugstores Drugstores pharmacy Pharmacy convenience Convenience Stores,1.8,42.317485,-71.065397,$$,(617) 825-2572,02125,https://www.yelp.com/biz/cvs-pharmacy-dorchester-4?adjust_creative=LZkXjIasaeGxsBSkACtcwQ&utm_campaign=yelp_api_v3&utm_medium=api_v3_business_search&utm_source=LZkXjIasaeGxsBSkACtcwQ,https://s3-media1.fl.yelpcdn.com/bphoto/vEP6vJfezMbeRhmc6aWLWg/o.jpg
CVS Pharmacy,"101 Canal Street Suite A, Ste A, Boston, MA 02114",25,drugstores Drugstores convenience Convenience Stores pharmacy Pharmacy,3.3,42.36511,-71.06069,$$,(617) 227-0720,02114,https://www.yelp.com/biz/cvs-pharmacy-boston-45?adjust_creative=LZkXjIasaeGxsBSkACtcwQ&utm_campaign=yelp_api_v3&utm_medium=api_v3_business_search&utm_source=LZkXjIasaeGxsBSkACtcwQ,https://s3-media2.fl.yelpcdn.com/bphoto/tGJnj8j5In83uc2c7i-Kog/o.jpg
CVS Pharmacy,"468 Blue Hill Ave, Dorchester, MA 02121",9,drugstores Drugstores convenience Convenience Stores pharmacy Pharmacy,2.3,42.308776,-71.081825,$$,(617) 427-7806,02121,https://www.yelp.com/biz/cvs-pharmacy-dorchester-2?adjust_creative=LZkXjIasaeGxsBSkACtcwQ&utm_campaign=yelp_api_v3&utm_medium=api_v3_business_search&utm_source=LZkXjIasaeGxsBSkACtcwQ,https://s3-media4.fl.yelpcdn.com/bphoto/w07uhKOcdoczWAxdOkq52A/o.jpg
CVS Pharmacy,"218 Hanover St, Boston, MA 02113",30,drugstores Drugstores pharmacy Pharmacy convenience Convenience Stores,3.2,42.36307,-71.05549,$$,(617) 720-4935,02113,https://www.yelp.com/biz/cvs-pharmacy-boston-12?adjust_creative=LZkXjIasaeGxsBSkACtcwQ&utm_campaign=yelp_api_v3&utm_medium=api_v3_business_search&utm_source=LZkXjIasaeGxsBSkACtcwQ,https://s3-media3.fl.yelpcdn.com/bphoto/Oa2hJ77EvQ3ihxA46sKFuA/o.jpg
CVS Pharmacy,"409 W Broadway S, Boston, MA 02127",1,pharmacy Pharmacy drugstores Drugstores convenience Convenience Stores,1,42.336848,-71.048227,,(617) 766-9038,02127,https://www.yelp.com/biz/cvs-pharmacy-boston-80?adjust_creative=LZkXjIasaeGxsBSkACtcwQ&utm_campaign=yelp_api_v3&utm_medium=api_v3_business_search&utm_source=LZkXjIasaeGxsBSkACtcwQ,https://s3-media4.fl.yelpcdn.com/bphoto/LeMqKRdHl3Z5Exj5NFZguA/o.jpg
CVS Pharmacy,"423 West Broadway, South Boston, MA 02127",36,drugstores Drugstores pharmacy Pharmacy convenience Convenience Stores,2.1,42.336564954571266,-71.04759483478786,$$,(617) 269-7656,02127,https://www.yelp.com/biz/cvs-pharmacy-south-boston-5?adjust_creative=LZkXjIasaeGxsBSkACtcwQ&utm_campaign=yelp_api_v3&utm_medium=api_v3_business_search&utm_source=LZkXjIasaeGxsBSkACtcwQ,https://s3-media3.fl.yelpcdn.com/bphoto/H7NAS3f_PoqIhNMvB3ZoBw/o.jpg
CVS Pharmacy,"85 Seaport Blvd, Unit H, Boston, MA 02210",17,pharmacy Pharmacy convenience Convenience Stores drugstores Drugstores,3.2,42.351583,-71.046248,$$,(857) 350-4646,02210,https://www.yelp.com/biz/cvs-pharmacy-boston-58?adjust_creative=LZkXjIasaeGxsBSkACtcwQ&utm_campaign=yelp_api_v3&utm_medium=api_v3_business_search&utm_source=LZkXjIasaeGxsBSkACtcwQ,https://s3-media3.fl.yelpcdn.com/bphoto/LG8Q6igEfrMjc9puxrVktQ/o.jpg
CVS Pharmacy,"1927 Beacon St, Brighton, MA 02135",54,drugstores Drugstores pharmacy Pharmacy convenience Convenience Stores,2.4,42.335888,-71.14899,$$,(617) 738-6820,02135,https://www.yelp.com/biz/cvs-pharmacy-brighton?adjust_creative=LZkXjIasaeGxsBSkACtcwQ&utm_campaign=yelp_api_v3&utm_medium=api_v3_business_search&utm_source=LZkXjIasaeGxsBSkACtcwQ,https://s3-media3.fl.yelpcdn.com/bphoto/esnBjv8yhRnG4O-kymI4PQ/o.jpg
CVS Pharmacy,"21 Austin St, Charlestown, MA 02129",35,drugstores Drugstores pharmacy Pharmacy convenience Convenience Stores,1.7,42.37515,-71.06531,$$,(617) 242-2950,02129,https://www.yelp.com/biz/cvs-pharmacy-charlestown?adjust_creative=LZkXjIasaeGxsBSkACtcwQ&utm_campaign=yelp_api_v3&utm_medium=api_v3_business_search&utm_source=LZkXjIasaeGxsBSkACtcwQ,https://s3-media1.fl.yelpcdn.com/bphoto/cgl6SN85B_b8mO0tA4M44g/o.jpg
CVS Pharmacy,"207 Market Street, Brighton, MA 02135",24,drugstores Drugstores pharmacy Pharmacy convenience Convenience Stores,2.8,42.355749,-71.150238,,(617) 254-0358,02135,https://www.yelp.com/biz/cvs-pharmacy-brighton-12?adjust_creative=LZkXjIasaeGxsBSkACtcwQ&utm_campaign=yelp_api_v3&utm_medium=api_v3_business_search&utm_source=LZkXjIasaeGxsBSkACtcwQ,https://s3-media4.fl.yelpcdn.com/bphoto/c5OiNjV3v9ARB8Ly5whZjg/o.jpg
CVS Pharmacy,"427 Washington St, Brighton, MA 02135",50,drugstores Drugstores pharmacy Pharmacy convenience Convenience Stores,2.1,42.349429,-71.156398,$$,(617) 783-2577,02135,https://www.yelp.com/biz/cvs-pharmacy-brighton-5?adjust_creative=LZkXjIasaeGxsBSkACtcwQ&utm_campaign=yelp_api_v3&utm_medium=api_v3_business_search&utm_source=LZkXjIasaeGxsBSkACtcwQ,https://s3-media3.fl.yelpcdn.com/bphoto/FPRntcMGJslRTrGojwynzA/o.jpg
CVS Pharmacy,"100 Cambridgeside Place Ofc, Cambridge, MA 02141",5,photographystores Photography Stores Services drugstores Drugstores,2.4,42.3803274,-71.1389101,$,(617) 621-0870,02141,https://www.yelp.com/biz/cvs-pharmacy-cambridge-17?adjust_creative=LZkXjIasaeGxsBSkACtcwQ&utm_campaign=yelp_api_v3&utm_medium=api_v3_business_search&utm_source=LZkXjIasaeGxsBSkACtcwQ,
CVS Pharmacy,"36 White St, Cambridge, MA 02140",124,drugstores Drugstores convenience Convenience Stores pharmacy Pharmacy,2.4,42.38906,-71.11799,$$,(617) 876-5519,02140,https://www.yelp.com/biz/cvs-pharmacy-cambridge-10?adjust_creative=LZkXjIasaeGxsBSkACtcwQ&utm_campaign=yelp_api_v3&utm_medium=api_v3_business_search&utm_source=LZkXjIasaeGxsBSkACtcwQ,https://s3-media2.fl.yelpcdn.com/bphoto/4r46D6DnF7DgeICWdz4CaQ/o.jpg
CVS Pharmacy,"550 Arsenal St, Watertown, MA 02472",1,drugstores Drugstores pharmacy Pharmacy convenience Convenience Stores,5,42.36389134095269,-71.15748236445945,,(617) 924-5987,02472,https://www.yelp.com/biz/cvs-pharmacy-watertown-8?adjust_creative=LZkXjIasaeGxsBSkACtcwQ&utm_campaign=yelp_api_v3&utm_medium=api_v3_business_search&utm_source=LZkXjIasaeGxsBSkACtcwQ,https://s3-media1.fl.yelpcdn.com/bphoto/nOwsKijFJnqNh27P182oJw/o.jpg
CVS Pharmacy,"451 Washington St, Dorchester, MA 02124",3,drugstores Drugstores convenience Convenience Stores pharmacy Pharmacy,1,42.2956,-71.0724,,(617) 740-0611,02124,https://www.yelp.com/biz/cvs-pharmacy-dorchester-8?adjust_creative=LZkXjIasaeGxsBSkACtcwQ&utm_campaign=yelp_api_v3&utm_medium=api_v3_business_search&utm_source=LZkXjIasaeGxsBSkACtcwQ,https://s3-media4.fl.yelpcdn.com/bphoto/FJKOyxcQ56-Lseosgkylyg/o.jpg
CVS Pharmacy,"655 Mt Auburn St, Watertown, MA 02472",11,drugstores Drugstores pharmacy Pharmacy convenience Convenience Stores,3.2,42.371695,-71.156834,,(617) 744-0842,02472,https://www.yelp.com/biz/cvs-pharmacy-watertown-7?adjust_creative=LZkXjIasaeGxsBSkACtcwQ&utm_campaign=yelp_api_v3&utm_medium=api_v3_business_search&utm_source=LZkXjIasaeGxsBSkACtcwQ,https://s3-media3.fl.yelpcdn.com/bphoto/3AbbxZdv-c7bNDdo_qAiyg/o.jpg
CVS Pharmacy,"210 Border St, East Boston, MA 02128",22,drugstores Drugstores pharmacy Pharmacy convenience Convenience Stores,2.5,42.375221,-71.040772,$$,(617) 567-5147,02128,https://www.yelp.com/biz/cvs-pharmacy-east-boston-2?adjust_creative=LZkXjIasaeGxsBSkACtcwQ&utm_campaign=yelp_api_v3&utm_medium=api_v3_business_search&utm_source=LZkXjIasaeGxsBSkACtcwQ,https://s3-media4.fl.yelpcdn.com/bphoto/rXCx04-Fkxk0o0q2kBGSvA/o.jpg
CVS Pharmacy,"1195 Boylston St, Chestnut Hill, MA 02467",26,drugstores Drugstores pharmacy Pharmacy convenience Convenience Stores,1.9,42.32371,-71.16456,$$,(617) 731-5228,02467,https://www.yelp.com/biz/cvs-pharmacy-chestnut-hill-5?adjust_creative=LZkXjIasaeGxsBSkACtcwQ&utm_campaign=yelp_api_v3&utm_medium=api_v3_business_search&utm_source=LZkXjIasaeGxsBSkACtcwQ,https://s3-media2.fl.yelpcdn.com/bphoto/ZnGllCLHnmnSveQjZuVe4w/o.jpg
CVS Pharmacy,"532 Medford St, Somerville, MA 02145",22,drugstores Drugstores pharmacy Pharmacy convenience Convenience Stores,2.1,42.396911,-71.104335,$$,(617) 628-1401,02145,https://www.yelp.com/biz/cvs-pharmacy-somerville-2?adjust_creative=LZkXjIasaeGxsBSkACtcwQ&utm_campaign=yelp_api_v3&utm_medium=api_v3_business_search&utm_source=LZkXjIasaeGxsBSkACtcwQ,https://s3-media4.fl.yelpcdn.com/bphoto/_r0M3p8jVAvtRGQS_nKkWQ/o.jpg
CVS Pharmacy,"1 Davis Sq, Somerville, MA 02144",81,drugstores Drugstores pharmacy Pharmacy convenience Convenience Stores,2.5,42.39624534411268,-71.12287894973755,$$,(617) 629-4156,02144,https://www.yelp.com/biz/cvs-pharmacy-somerville-5?adjust_creative=LZkXjIasaeGxsBSkACtcwQ&utm_campaign=yelp_api_v3&utm_medium=api_v3_business_search&utm_source=LZkXjIasaeGxsBSkACtcwQ,https://s3-media2.fl.yelpcdn.com/bphoto/wA1_dxnvdBkM9-EDHvJZFA/o.jpg
CVS Pharmacy,"715 Morrissey Blvd, Dorchester, MA 02122",30,drugstores Drugstores convenience Convenience Stores pharmacy Pharmacy,2.2,42.29743,-71.049756,$$,(617) 822-1307,02122,https://www.yelp.com/biz/cvs-pharmacy-dorchester-6?adjust_creative=LZkXjIasaeGxsBSkACtcwQ&utm_campaign=yelp_api_v3&utm_medium=api_v3_business_search&utm_source=LZkXjIasaeGxsBSkACtcwQ,https://s3-media1.fl.yelpcdn.com/bphoto/9ch0zxU_TxQzJmZgRaUfng/o.jpg
