id,alias,name,image_url,is_closed,url,review_count,categories,rating,coordinates,transactions,location,phone,display_phone,distance,business_hours,attributes,price
A2VZEOKVsuqg_a4SQyZ-rA,cvs-pharmacy-boston-66,CVS Pharmacy,https://s3-media4.fl.yelpcdn.com/bphoto/1q7ZKRy3-KjnZLzUqUveiw/o.jpg,False,https://www.yelp.com/biz/cvs-pharmacy-boston-66?adjust_creative=LZkXjIasaeGxsBSkACtcwQ&utm_campaign=yelp_api_v3&utm_medium=api_v3_business_search&utm_source=LZkXjIasaeGxsBSkACtcwQ,6,"[{'alias': 'drugstores', 'title': 'Drugstores'}, {'alias': 'convenience', 'title': 'Convenience Stores'}, {'alias': 'pharmacy', 'title': 'Pharmacy'}]",1.7,"{'latitude': 42.34466114406294, 'longitude': -71.0995618732025}",[],"{'address1': '1341 Boylston St', 'address2': None, 'address3': None, 'city': 'Boston', 'zip_code': '02215', 'country': 'US', 'state': 'MA', 'display_address': ['1341 Boylston St', 'Boston, MA 02215']}",+18573175221,(857) 317-5221,256.0689463600322,"[{'open': [{'is_overnight': False, 'start': '1000', 'end': '1400', 'day': 0}, {'is_overnight': False, 'start': '0900', 'end': '1330', 'day': 1}, {'is_overnight': False, 'start': '1400', 'end': '1900', 'day': 1}, {'is_overnight': False, 'start': '0900', 'end': '1330', 'day': 2}, {'is_overnight': False, 'start': '1400', 'end': '1900', 'day': 2}, {'is_overnight': False, 'start': '0900', 'end': '1330', 'day': 3}, {'is_overnight': False, 'start': '1400', 'end': '1900', 'day': 3}, {'is_overnight': False, 'start': '0900', 'end': '1330', 'day': 4}, {'is_overnight': False, 'start': '1400', 'end': '1900', 'day': 4}, {'is_overnight': False, 'start': '1000', 'end': '1330', 'day': 5}, {'is_overnight': False, 'start': '1400', 'end': '1800', 'day': 5}, {'is_overnight': False, 'start': '1100', 'end': '1330', 'day': 6}, {'is_overnight': False, 'start': '1400', 'end': '1700', 'day': 6}], 'hours_type': 'REGULAR', 'is_open_now': False}]","{'business_temp_closed': None, 'menu_url': None, 'open24_hours': None, 'waitlist_reservation': None}",
WO10z5s4b6bg8G97emPn7A,cvs-pharmacy-boston-62,CVS Pharmacy,https://s3-media2.fl.yelpcdn.com/bphoto/N4yud0Cas76nIToPxfODyQ/o.jpg,False,https://www.yelp.com/biz/cvs-pharmacy-boston-62?adjust_creative=LZkXjIasaeGxsBSkACtcwQ&utm_campaign=yelp_api_v3&utm_medium=api_v3_business_search&utm_source=LZkXjIasaeGxsBSkACtcwQ,46,"[{'alias': 'drugstores', 'title': 'Drugstores'}, {'alias': 'pharmacy', 'title': 'Pharmacy'}, {'alias': 'convenience', 'title': 'Convenience Stores'}]",2.3,"{'latitude': 42.344311, 'longitude': -71.086757}",['delivery'],"{'address1': '231 Massachusetts Ave', 'address2': '', 'address3': '', 'city': 'Boston', 'zip_code': '02115', 'country': 'US', 'state': 'MA', 'display_address': ['231 Massachusetts Ave', 'Boston, MA 02115']}",+16172666775,(617) 266-6775,875.6053383495749,"[{'open': [{'is_overnight': False, 'start': '0900', 'end': '1330', 'day': 0}, {'is_overnight': False, 'start': '1400', 'end': '2000', 'day': 0}, {'is_overnight': False, 'start': '0900', 'end': '1330', 'day': 1}, {'is_overnight': False, 'start': '1400', 'end': '2000', 'day': 1}, {'is_overnight': False, 'start': '0900', 'end': '1330', 'day': 2}, {'is_overnight': False, 'start': '1400', 'end': '2000', 'day': 2}, {'is_overnight': False, 'start': '0900', 'end': '1330', 'day': 3}, {'is_overnight': False, 'start': '1400', 'end': '2000', 'day': 3}, {'is_overnight': False, 'start': '0900', 'end': '1330', 'day': 4}, {'is_overnight': False, 'start': '1400', 'end': '2000', 'day': 4}, {'is_overnight': False, 'start': '0900', 'end': '1330', 'day': 5}, {'is_overnight': False, 'start': '1400', 'end': '1900', 'day': 5}, {'is_overnight': False, 'start': '1100', 'end': '1330', 'day': 6}, {'is_overnight': False, 'start': '1400', 'end': '1900', 'day': 6}], 'hours_type': 'REGULAR', 'is_open_now': True}]","{'business_temp_closed': None, 'menu_url': None, 'open24_hours': None, 'waitlist_reservation': None}",$
-5L9oiePBLNzbNTsbARLUA,cvs-pharmacy-boston-27,CVS Pharmacy,https://s3-media2.fl.yelpcdn.com/bphoto/QcVR5dVP_F2aIlHEFYxDJQ/o.jpg,False,https://www.yelp.com/biz/cvs-pharmacy-boston-27?adjust_creative=LZkXjIasaeGxsBSkACtcwQ&utm_campaign=yelp_api_v3&utm_medium=api_v3_business_search&utm_source=LZkXjIasaeGxsBSkACtcwQ,17,"[{'alias': 'drugstores', 'title': 'Drugstores'}, {'alias': 'pharmacy', 'title': 'Pharmacy'}, {'alias': 'convenience', 'title': 'Convenience Stores'}]",3.7,"{'latitude': 42.338628132107374, 'longitude': -71.1072339622408}",['delivery'],"{'address1': '350 Longwood Ave', 'address2': '', 'address3': '', 'city': 'Boston', 'zip_code': '02115', 'country': 'US', 'state': 'MA', 'display_address': ['350 Longwood Ave', 'Boston, MA 02115']}",+16177315753,(617) 731-5753,970.7471632059702,"[{'open': [{'is_overnight': False, 'start': '0630', 'end': '2200', 'day': 0}, {'is_overnight': False, 'start': '0630', 'end': '2200', 'day': 1}, {'is_overnight': False, 'start': '0630', 'end': '2200', 'day': 2}, {'is_overnight': False, 'start': '0630', 'end': '2200', 'day': 3}, {'is_overnight': False, 'start': '0630', 'end': '2200', 'day': 4}, {'is_overnight': False, 'start': '0800', 'end': '2200', 'day': 5}, {'is_overnight': False, 'start': '0800', 'end': '2200', 'day': 6}], 'hours_type': 'REGULAR', 'is_open_now': True}]","{'business_temp_closed': None, 'menu_url': None, 'open24_hours': None, 'waitlist_reservation': None}",$$
D9r4jovVE1sFHRZj3oYwHQ,cvs-pharmacy-boston-20,CVS Pharmacy,https://s3-media1.fl.yelpcdn.com/bphoto/yOaUkDqF1n7xX2AKU2h3pg/o.jpg,False,https://www.yelp.com/biz/cvs-pharmacy-boston-20?adjust_creative=LZkXjIasaeGxsBSkACtcwQ&utm_campaign=yelp_api_v3&utm_medium=api_v3_business_search&utm_source=LZkXjIasaeGxsBSkACtcwQ,8,"[{'alias': 'drugstores', 'title': 'Drugstores'}, {'alias': 'convenience', 'title': 'Convenience Stores'}, {'alias': 'pharmacy', 'title': 'Pharmacy'}]",3.6,"{'latitude': 42.33737687153401, 'longitude': -71.105933}",[],"{'address1': '300 Longwood Ave', 'address2': '', 'address3': '', 'city': 'Boston', 'zip_code': '02115', 'country': 'US', 'state': 'MA', 'display_address': ['300 Longwood Ave', 'Boston, MA 02115']}",+16179753500,(617) 975-3500,968.1585501490597,"[{'open': [{'is_overnight': False, 'start': '0800', 'end': '2300', 'day': 0}, {'is_overnight': False, 'start': '0800', 'end': '2300', 'day': 1}, {'is_overnight': False, 'start': '0800', 'end': '2300', 'day': 2}, {'is_overnight': False, 'start': '0800', 'end': '2300', 'day': 3}, {'is_overnight': False, 'start': '0800', 'end': '2300', 'day': 4}, {'is_overnight': False, 'start': '0800', 'end': '2300', 'day': 5}, {'is_overnight': False, 'start': '0800', 'end': '2300', 'day': 6}], 'hours_type': 'REGULAR', 'is_open_now': True}]","{'business_temp_closed': None, 'menu_url': None, 'open24_hours': None, 'waitlist_reservation': None}",$$
Wwu_kWF2DtmoMW8oE39yLQ,cvs-pharmacy-brookline-13,Cvs/Pharmacy,https://s3-media3.fl.yelpcdn.com/bphoto/rIxC1YuA3hFjdWEewxx4tA/o.jpg,False,https://www.yelp.com/biz/cvs-pharmacy-brookline-13?adjust_creative=LZkXjIasaeGxsBSkACtcwQ&utm_campaign=yelp_api_v3&utm_medium=api_v3_business_search&utm_source=LZkXjIasaeGxsBSkACtcwQ,13,"[{'alias': 'drugstores', 'title': 'Drugstores'}]",2.1,"{'latitude': 42.34972, 'longitude': 71.10687}",[],"{'address1': '730 Commonwealth Ave', 'address2': '', 'address3': '', 'city': 'Brookline', 'zip_code': '02446', 'country': 'US', 'state': 'MA', 'display_address': ['730 Commonwealth Ave', 'Brookline, MA 02446']}",+16177314556,(617) 731-4556,1083.6698532431626,"[{'open': [{'is_overnight': False, 'start': '0700', 'end': '0000', 'day': 0}, {'is_overnight': False, 'start': '0700', 'end': '0000', 'day': 1}, {'is_overnight': False, 'start': '0700', 'end': '0000', 'day': 2}, {'is_overnight': False, 'start': '0700', 'end': '0000', 'day': 3}, {'is_overnight': False, 'start': '0700', 'end': '0000', 'day': 4}, {'is_overnight': False, 'start': '0800', 'end': '2300', 'day': 5}, {'is_overnight': False, 'start': '0900', 'end': '2300', 'day': 6}], 'hours_type': 'REGULAR', 'is_open_now': False}]","{'business_temp_closed': None, 'open24_hours': None, 'waitlist_reservation': None}",$$
8WRFnrSAlm6kMgAocJ9lHA,cvs-pharmacy-boston-77,CVS Pharmacy,https://s3-media2.fl.yelpcdn.com/bphoto/4lxsRXtaGWM0bQ1wxsvdkQ/o.jpg,False,https://www.yelp.com/biz/cvs-pharmacy-boston-77?adjust_creative=LZkXjIasaeGxsBSkACtcwQ&utm_campaign=yelp_api_v3&utm_medium=api_v3_business_search&utm_source=LZkXjIasaeGxsBSkACtcwQ,8,"[{'alias': 'pharmacy', 'title': 'Pharmacy'}, {'alias': 'drugstores', 'title': 'Drugstores'}, {'alias': 'convenience', 'title': 'Convenience Stores'}]",2.6,"{'latitude': 42.34751, 'longitude': -71.08135}",['delivery'],"{'address1': '800 Boylston St', 'address2': None, 'address3': None, 'city': 'Boston', 'zip_code': '02199', 'country': 'US', 'state': 'MA', 'display_address': ['800 Boylston St', 'Boston, MA 02199']}",+16178801497,(617) 880-1497,1342.7859791233186,"[{'open': [{'is_overnight': False, 'start': '0900', 'end': '1330', 'day': 0}, {'is_overnight': False, 'start': '1400', 'end': '1900', 'day': 0}, {'is_overnight': False, 'start': '0900', 'end': '1330', 'day': 1}, {'is_overnight': False, 'start': '1400', 'end': '1900', 'day': 1}, {'is_overnight': False, 'start': '0900', 'end': '1330', 'day': 2}, {'is_overnight': False, 'start': '1400', 'end': '1900', 'day': 2}, {'is_overnight': False, 'start': '0900', 'end': '1330', 'day': 3}, {'is_overnight': False, 'start': '1400', 'end': '1900', 'day': 3}, {'is_overnight': False, 'start': '0900', 'end': '1330', 'day': 4}, {'is_overnight': False, 'start': '1400', 'end': '1900', 'day': 4}, {'is_overnight': False, 'start': '1000', 'end': '1330', 'day': 5}, {'is_overnight': False, 'start': '1400', 'end': '1800', 'day': 5}, {'is_overnight': False, 'start': '1100', 'end': '1330', 'day': 6}, {'is_overnight': False, 'start': '1400', 'end': '1700', 'day': 6}], 'hours_type': 'REGULAR', 'is_open_now': True}]","{'business_temp_closed': None, 'menu_url': None, 'open24_hours': None, 'waitlist_reservation': None}",
-MjbdxBDKtI1JYmbP2qxFw,cvs-pharmacy-boston-17,CVS Pharmacy,https://s3-media4.fl.yelpcdn.com/bphoto/VuNbhUHftk5ktNu50q8TmQ/o.jpg,False,https://www.yelp.com/biz/cvs-pharmacy-boston-17?adjust_creative=LZkXjIasaeGxsBSkACtcwQ&utm_campaign=yelp_api_v3&utm_medium=api_v3_business_search&utm_source=LZkXjIasaeGxsBSkACtcwQ,30,"[{'alias': 'drugstores', 'title': 'Drugstores'}, {'alias': 'pharmacy', 'title': 'Pharmacy'}, {'alias': 'convenience', 'title': 'Convenience Stores'}]",3.1,"{'latitude': 42.349506, 'longitude': -71.081843}",['delivery'],"{'address1': '240 Newbury St', 'address2': '', 'address3': '', 'city': 'Boston', 'zip_code': '02116', 'country': 'US', 'state': 'MA', 'display_address': ['240 Newbury St', 'Boston, MA 02116']}",+16172364007,(617) 236-4007,1439.6432272941993,"[{'open': [{'is_overnight': False, 'start': '0900', 'end': '1330', 'day': 0}, {'is_overnight': False, 'start': '1400', 'end': '1900', 'day': 0}, {'is_overnight': False, 'start': '0900', 'end': '1330', 'day': 1}, {'is_overnight': False, 'start': '1400', 'end': '1900', 'day': 1}, {'is_overnight': False, 'start': '0900', 'end': '1330', 'day': 2}, {'is_overnight': False, 'start': '1400', 'end': '1900', 'day': 2}, {'is_overnight': False, 'start': '0900', 'end': '1330', 'day': 3}, {'is_overnight': False, 'start': '1400', 'end': '1900', 'day': 3}, {'is_overnight': False, 'start': '0900', 'end': '1330', 'day': 4}, {'is_overnight': False, 'start': '1400', 'end': '1900', 'day': 4}, {'is_overnight': False, 'start': '1000', 'end': '1330', 'day': 5}, {'is_overnight': False, 'start': '1400', 'end': '1800', 'day': 5}, {'is_overnight': False, 'start': '1100', 'end': '1330', 'day': 6}, {'is_overnight': False, 'start': '1400', 'end': '1700', 'day': 6}], 'hours_type': 'REGULAR', 'is_open_now': True}]","{'business_temp_closed': None, 'menu_url': None, 'open24_hours': None, 'waitlist_reservation': None}",$$
Vd8A-sEv_FvlDW0tDXB82w,cvs-pharmacy-boston-61,CVS Pharmacy,https://s3-media2.fl.yelpcdn.com/bphoto/XMte7ZzV0q84QYwYij0c9g/o.jpg,False,https://www.yelp.com/biz/cvs-pharmacy-boston-61?adjust_creative=LZkXjIasaeGxsBSkACtcwQ&utm_campaign=yelp_api_v3&utm_medium=api_v3_business_search&utm_source=LZkXjIasaeGxsBSkACtcwQ,17,"[{'alias': 'drugstores', 'title': 'Drugstores'}, {'alias': 'pharmacy', 'title': 'Pharmacy'}, {'alias': 'convenience', 'title': 'Convenience Stores'}]",2.5,"{'latitude': 42.350578, 'longitude': -71.116226}",['delivery'],"{'address1': '900 Commonwealth Ave', 'address2': None, 'address3': None, 'city': 'Boston', 'zip_code': '02215', 'country': 'US', 'state': 'MA', 'display_address': ['900 Commonwealth Ave', 'Boston, MA 02215']}",+16172322100,(617) 232-2100,1769.15453420097,"[{'open': [{'is_overnight': False, 'start': '0900', 'end': '1330', 'day': 0}, {'is_overnight': False, 'start': '1400', 'end': '1900', 'day': 0}, {'is_overnight': False, 'start': '0900', 'end': '1330', 'day': 1}, {'is_overnight': False, 'start': '1400', 'end': '1900', 'day': 1}, {'is_overnight': False, 'start': '0900', 'end': '1330', 'day': 2}, {'is_overnight': False, 'start': '1400', 'end': '1900', 'day': 2}, {'is_overnight': False, 'start': '0900', 'end': '1330', 'day': 3}, {'is_overnight': False, 'start': '1400', 'end': '1900', 'day': 3}, {'is_overnight': False, 'start': '0900', 'end': '1330', 'day': 4}, {'is_overnight': False, 'start': '1400', 'end': '1900', 'day': 4}, {'is_overnight': False, 'start': '1000', 'end': '1330', 'day': 5}, {'is_overnight': False, 'start': '1400', 'end': '1800', 'day': 5}, {'is_overnight': False, 'start': '1100', 'end': '1330', 'day': 6}, {'is_overnight': False, 'start': '1400', 'end': '1700', 'day': 6}], 'hours_type': 'REGULAR', 'is_open_now': True}]","{'business_temp_closed': None, 'menu_url': None, 'open24_hours': None, 'waitlist_reservation': None}",$$
0mX8Ryn2CJjUd_ihCyl2PA,cvs-pharmacy-boston-32,CVS Pharmacy,https://s3-media3.fl.yelpcdn.com/bphoto/2JoVstS8TYXbc8XxFAu_gg/o.jpg,False,https://www.yelp.com/biz/cvs-pharmacy-boston-32?adjust_creative=LZkXjIasaeGxsBSkACtcwQ&utm_campaign=yelp_api_v3&utm_medium=api_v3_business_search&utm_source=LZkXjIasaeGxsBSkACtcwQ,54,"[{'alias': 'drugstores', 'title': 'Drugstores'}, {'alias': 'pharmacy', 'title': 'Pharmacy'}, {'alias': 'convenience', 'title': 'Convenience Stores'}]",2.8,"{'latitude': 42.350517, 'longitude': -71.076915}",['delivery'],"{'address1': '587 Boylston St', 'address2': '', 'address3': '', 'city': 'Boston', 'zip_code': '02116', 'country': 'US', 'state': 'MA', 'display_address': ['587 Boylston St', 'Boston, MA 02116']}",+16174378414,(617) 437-8414,1851.8544871905826,"[{'open': [{'is_overnight': True, 'start': '0000', 'end': '0000', 'day': 0}, {'is_overnight': True, 'start': '0000', 'end': '0000', 'day': 1}, {'is_overnight': True, 'start': '0000', 'end': '0000', 'day': 2}, {'is_overnight': True, 'start': '0000', 'end': '0000', 'day': 3}, {'is_overnight': True, 'start': '0000', 'end': '0000', 'day': 4}, {'is_overnight': True, 'start': '0000', 'end': '0000', 'day': 5}, {'is_overnight': True, 'start': '0000', 'end': '0000', 'day': 6}], 'hours_type': 'REGULAR', 'is_open_now': True}]","{'business_temp_closed': None, 'menu_url': None, 'open24_hours': None, 'waitlist_reservation': None}",$$
c8WBGYFrof23ibHQ4y5vdw,cvs-pharmacy-boston-63,CVS Pharmacy,https://s3-media2.fl.yelpcdn.com/bphoto/49ZWWzXYZWc0WFP2Cz1xQA/o.jpg,False,https://www.yelp.com/biz/cvs-pharmacy-boston-63?adjust_creative=LZkXjIasaeGxsBSkACtcwQ&utm_campaign=yelp_api_v3&utm_medium=api_v3_business_search&utm_source=LZkXjIasaeGxsBSkACtcwQ,31,"[{'alias': 'drugstores', 'title': 'Drugstores'}, {'alias': 'pharmacy', 'title': 'Pharmacy'}, {'alias': 'convenience', 'title': 'Convenience Stores'}]",4.0,"{'latitude': 42.34732, 'longitude': -71.0738}",['delivery'],"{'address1': '285 Columbus Avenue', 'address2': '', 'address3': '', 'city': 'Boston', 'zip_code': '02116', 'country': 'US', 'state': 'MA', 'display_address': ['285 Columbus Avenue', 'Boston, MA 02116']}",+16172368538,(617) 236-8538,1951.4044308925936,"[{'open': [{'is_overnight': False, 'start': '0700', 'end': '2200', 'day': 0}, {'is_overnight': False, 'start': '0700', 'end': '2200', 'day': 1}, {'is_overnight': False, 'start': '0700', 'end': '2200', 'day': 2}, {'is_overnight': False, 'start': '0700', 'end': '2200', 'day': 3}, {'is_overnight': False, 'start': '0700', 'end': '2200', 'day': 4}, {'is_overnight': False, 'start': '0700', 'end': '2200', 'day': 5}, {'is_overnight': False, 'start': '0700', 'end': '2200', 'day': 6}], 'hours_type': 'REGULAR', 'is_open_now': True}]","{'business_temp_closed': None, 'menu_url': None, 'open24_hours': None, 'waitlist_reservation': None}",$
o4x8bHxtZoEV8s-R-LBo4g,cvs-pharmacy-brookline-14,CVS Pharmacy,https://s3-media2.fl.yelpcdn.com/bphoto/Rtu_WCGL3Gsry1vhFaBbvw/o.jpg,False,https://www.yelp.com/biz/cvs-pharmacy-brookline-14?adjust_creative=LZkXjIasaeGxsBSkACtcwQ&utm_campaign=yelp_api_v3&utm_medium=api_v3_business_search&utm_source=LZkXjIasaeGxsBSkACtcwQ,75,"[{'alias': 'drugstores', 'title': 'Drugstores'}, {'alias': 'pharmacy', 'title': 'Pharmacy'}, {'alias': 'convenience', 'title': 'Convenience Stores'}]",1.9,"{'latitude': 42.342964, 'longitude': -71.123031}",['delivery'],"{'address1': '294 Harvard St', 'address2': '', 'address3': '', 'city': 'Brookline', 'zip_code': '02446', 'country': 'US', 'state': 'MA', 'display_address': ['294 Harvard St', 'Brookline, MA 02446']}",+16177316860,(617) 731-6860,2126.383966103457,"[{'open': [{'is_overnight': False, 'start': '0700', 'end': '0000', 'day': 0}, {'is_overnight': False, 'start': '0700', 'end': '0000', 'day': 1}, {'is_overnight': False, 'start': '0700', 'end': '0000', 'day': 2}, {'is_overnight': False, 'start': '0700', 'end': '0000', 'day': 3}, {'is_overnight': False, 'start': '0700', 'end': '0000', 'day': 4}, {'is_overnight': False, 'start': '0700', 'end': '0000', 'day': 5}, {'is_overnight': False, 'start': '0700', 'end': '0000', 'day': 6}], 'hours_type': 'REGULAR', 'is_open_now': True}]","{'business_temp_closed': None, 'menu_url': None, 'open24_hours': None, 'waitlist_reservation': None}",$
-pAxNScV14uM5tKObiBACQ,cvs-pharmacy-brookline-7,CVS Pharmacy,https://s3-media2.fl.yelpcdn.com/bphoto/eBJsrWZ254lZDiu9oDPtVw/o.jpg,False,https://www.yelp.com/biz/cvs-pharmacy-brookline-7?adjust_creative=LZkXjIasaeGxsBSkACtcwQ&utm_campaign=yelp_api_v3&utm_medium=api_v3_business_search&utm_source=LZkXjIasaeGxsBSkACtcwQ,21,"[{'alias': 'drugstores', 'title': 'Drugstores'}, {'alias': 'pharmacy', 'title': 'Pharmacy'}, {'alias': 'convenience', 'title': 'Convenience Stores'}]",1.8,"{'latitude': 42.33467, 'longitude': -71.12384}",['delivery'],"{'address1': '400 Washington St', 'address2': '', 'address3': '', 'city': 'Brookline', 'zip_code': '02446', 'country': 'US', 'state': 'MA', 'display_address': ['400 Washington St', 'Brookline, MA 02446']}",+16172776626,(617) 277-6626,2386.5794576880667,"[{'open': [{'is_overnight': False, 'start': '0800', 'end': '2200', 'day': 0}, {'is_overnight': False, 'start': '0800', 'end': '2200', 'day': 1}, {'is_overnight': False, 'start': '0800', 'end': '2200', 'day': 2}, {'is_overnight': False, 'start': '0800', 'end': '2200', 'day': 3}, {'is_overnight': False, 'start': '0800', 'end': '2200', 'day': 4}, {'is_overnight': False, 'start': '0800', 'end': '2200', 'day': 5}, {'is_overnight': False, 'start': '0800', 'end': '2200', 'day': 6}], 'hours_type': 'REGULAR', 'is_open_now': True}]","{'business_temp_closed': None, 'menu_url': None, 'open24_hours': None, 'waitlist_reservation': None}",$$
0qaghywAa3TfA4evo4q8wQ,cvs-pharmacy-boston-5,CVS Pharmacy,https://s3-media2.fl.yelpcdn.com/bphoto/4G6YsgrNgC5ky8kHSyfD7A/o.jpg,False,https://www.yelp.com/biz/cvs-pharmacy-boston-5?adjust_creative=LZkXjIasaeGxsBSkACtcwQ&utm_campaign=yelp_api_v3&utm_medium=api_v3_business_search&utm_source=LZkXjIasaeGxsBSkACtcwQ,20,"[{'alias': 'drugstores', 'title': 'Drugstores'}, {'alias': 'convenience', 'title': 'Convenience Stores'}, {'alias': 'pharmacy', 'title': 'Pharmacy'}]",2.9,"{'latitude': 42.347163, 'longitude': -71.068211}",[],"{'address1': '400 Tremont Street', 'address2': '', 'address3': '', 'city': 'Boston', 'zip_code': '02116', 'country': 'US', 'state': 'MA', 'display_address': ['400 Tremont Street', 'Boston, MA 02116']}",+16175422107,(617) 542-2107,2415.8795158407293,"[{'open': [{'is_overnight': False, 'start': '0700', 'end': '2300', 'day': 0}, {'is_overnight': False, 'start': '0700', 'end': '2300', 'day': 1}, {'is_overnight': False, 'start': '0700', 'end': '2300', 'day': 2}, {'is_overnight': False, 'start': '0700', 'end': '2300', 'day': 3}, {'is_overnight': False, 'start': '0700', 'end': '2300', 'day': 4}, {'is_overnight': False, 'start': '0700', 'end': '2300', 'day': 5}, {'is_overnight': False, 'start': '0700', 'end': '2300', 'day': 6}], 'hours_type': 'REGULAR', 'is_open_now': True}]","{'business_temp_closed': None, 'menu_url': None, 'open24_hours': None, 'waitlist_reservation': None}",$
jlqK71umF8mPs2O7git8sQ,cvs-pharmacy-cambridge-4,CVS Pharmacy,https://s3-media4.fl.yelpcdn.com/bphoto/rbi8p3WJpq0yIFJqz5whdA/o.jpg,False,https://www.yelp.com/biz/cvs-pharmacy-cambridge-4?adjust_creative=LZkXjIasaeGxsBSkACtcwQ&utm_campaign=yelp_api_v3&utm_medium=api_v3_business_search&utm_source=LZkXjIasaeGxsBSkACtcwQ,85,"[{'alias': 'drugstores', 'title': 'Drugstores'}, {'alias': 'pharmacy', 'title': 'Pharmacy'}, {'alias': 'convenience', 'title': 'Convenience Stores'}]",2.2,"{'latitude': 42.365025, 'longitude': -71.103702}",['delivery'],"{'address1': '624 Massachusetts Ave', 'address2': '', 'address3': '', 'city': 'Cambridge', 'zip_code': '02139', 'country': 'US', 'state': 'MA', 'display_address': ['624 Massachusetts Ave', 'Cambridge, MA 02139']}",+16178767868,(617) 876-7868,2491.2765244807097,"[{'open': [{'is_overnight': False, 'start': '0700', 'end': '2300', 'day': 0}, {'is_overnight': False, 'start': '0700', 'end': '2300', 'day': 1}, {'is_overnight': False, 'start': '0700', 'end': '2300', 'day': 2}, {'is_overnight': False, 'start': '0700', 'end': '2300', 'day': 3}, {'is_overnight': False, 'start': '0700', 'end': '2300', 'day': 4}, {'is_overnight': False, 'start': '0700', 'end': '2300', 'day': 5}, {'is_overnight': False, 'start': '0700', 'end': '2300', 'day': 6}], 'hours_type': 'REGULAR', 'is_open_now': True}]","{'business_temp_closed': None, 'menu_url': None, 'open24_hours': None, 'waitlist_reservation': None}",$
wCVpppjEbuApQK916OloNg,cvs-pharmacy-boston-67,CVS Pharmacy,https://s3-media4.fl.yelpcdn.com/bphoto/XwfPAJcjzlBq9eHX133Imw/o.jpg,False,https://www.yelp.com/biz/cvs-pharmacy-boston-67?adjust_creative=LZkXjIasaeGxsBSkACtcwQ&utm_campaign=yelp_api_v3&utm_medium=api_v3_business_search&utm_source=LZkXjIasaeGxsBSkACtcwQ,8,"[{'alias': 'pharmacy', 'title': 'Pharmacy'}, {'alias': 'convenience', 'title': 'Convenience Stores'}, {'alias': 'drugstores', 'title': 'Drugstores'}]",2.8,"{'latitude': 42.3454, 'longitude': -71.0639}",['delivery'],"{'address1': '341 Harrison Ave', 'address2': None, 'address3': None, 'city': 'Boston', 'zip_code': '02118', 'country': 'US', 'state': 'MA', 'display_address': ['341 Harrison Ave', 'Boston, MA 02118']}",+16175563922,(617) 556-3922,2744.8398588856653,"[{'open': [{'is_overnight': False, 'start': '0800', 'end': '2200', 'day': 0}, {'is_overnight': False, 'start': '0800', 'end': '2200', 'day': 1}, {'is_overnight': False, 'start': '0800', 'end': '2200', 'day': 2}, {'is_overnight': False, 'start': '0800', 'end': '2200', 'day': 3}, {'is_overnight': False, 'start': '0800', 'end': '2200', 'day': 4}, {'is_overnight': False, 'start': '0800', 'end': '2200', 'day': 5}, {'is_overnight': False, 'start': '0800', 'end': '2200', 'day': 6}], 'hours_type': 'REGULAR', 'is_open_now': True}]","{'business_temp_closed': None, 'menu_url': None, 'open24_hours': None, 'waitlist_reservation': None}",
FSnTJkB6K7njsfbU1jILDQ,cvs-pharmacy-jamaica-plain,CVS Pharmacy,https://s3-media1.fl.yelpcdn.com/bphoto/gY_2eMwVpA5i0VUWpQhoQA/o.jpg,False,https://www.yelp.com/biz/cvs-pharmacy-jamaica-plain?adjust_creative=LZkXjIasaeGxsBSkACtcwQ&utm_campaign=yelp_api_v3&utm_medium=api_v3_business_search&utm_source=LZkXjIasaeGxsBSkACtcwQ,41,"[{'alias': 'pharmacy', 'title': 'Pharmacy'}, {'alias': 'drugstores', 'title': 'Drugstores'}, {'alias': 'convenience', 'title': 'Convenience Stores'}]",1.9,"{'latitude': 42.319392, 'longitude': -71.112038}",['delivery'],"{'address1': '467 Centre St', 'address2': '', 'address3': '', 'city': 'Jamaica Plain', 'zip_code': '02130', 'country': 'US', 'state': 'MA', 'display_address': ['467 Centre St', 'Jamaica Plain, MA 02130']}",+16175228062,(617) 522-8062,2913.2599095774103,"[{'open': [{'is_overnight': False, 'start': '0700', 'end': '2300', 'day': 0}, {'is_overnight': False, 'start': '0700', 'end': '2300', 'day': 1}, {'is_overnight': False, 'start': '0700', 'end': '2300', 'day': 2}, {'is_overnight': False, 'start': '0700', 'end': '2300', 'day': 3}, {'is_overnight': False, 'start': '0700', 'end': '2300', 'day': 4}, {'is_overnight': False, 'start': '0700', 'end': '2300', 'day': 5}, {'is_overnight': False, 'start': '0700', 'end': '2300', 'day': 6}], 'hours_type': 'REGULAR', 'is_open_now': True}]","{'business_temp_closed': None, 'menu_url': None, 'open24_hours': None, 'waitlist_reservation': None}",$$
eorUPZ003bDIQ3Ti6KNUTg,cvs-pharmacy-boston-21,CVS Pharmacy,https://s3-media1.fl.yelpcdn.com/bphoto/Yju2ut3IS7XkpIhuIGfTPg/o.jpg,False,https://www.yelp.com/biz/cvs-pharmacy-boston-21?adjust_creative=LZkXjIasaeGxsBSkACtcwQ&utm_campaign=yelp_api_v3&utm_medium=api_v3_business_search&utm_source=LZkXjIasaeGxsBSkACtcwQ,16,"[{'alias': 'drugstores', 'title': 'Drugstores'}, {'alias': 'pharmacy', 'title': 'Pharmacy'}, {'alias': 'convenience', 'title': 'Convenience Stores'}]",3.6,"{'latitude': 42.36066, 'longitude': -71.07057}",['delivery'],"{'address1': '155 Charles St', 'address2': '', 'address3': '', 'city': 'Boston', 'zip_code': '02114', 'country': 'US', 'state': 'MA', 'display_address': ['155 Charles St', 'Boston, MA 02114']}",+16175231028,(617) 523-1028,2925.9409607743487,"[{'open': [{'is_overnight': True, 'start': '0000', 'end': '0000', 'day': 0}, {'is_overnight': True, 'start': '0000', 'end': '0000', 'day': 1}, {'is_overnight': True, 'start': '0000', 'end': '0000', 'day': 2}, {'is_overnight': True, 'start': '0000', 'end': '0000', 'day': 3}, {'is_overnight': True, 'start': '0000', 'end': '0000', 'day': 4}, {'is_overnight': True, 'start': '0000', 'end': '0000', 'day': 5}, {'is_overnight': True, 'start': '0000', 'end': '0000', 'day': 6}], 'hours_type': 'REGULAR', 'is_open_now': True}]","{'business_temp_closed': None, 'menu_url': None, 'open24_hours': None, 'waitlist_reservation': None}",$$$
c09Lx1pe1ezxGQU5Ow8TWQ,cvs-allston,CVS,,False,https://www.yelp.com/biz/cvs-allston?adjust_creative=LZkXjIasaeGxsBSkACtcwQ&utm_campaign=yelp_api_v3&utm_medium=api_v3_business_search&utm_source=LZkXjIasaeGxsBSkACtcwQ,1,"[{'alias': 'pharmacy', 'title': 'Pharmacy'}, {'alias': 'drugstores', 'title': 'Drugstores'}, {'alias': 'convenience', 'title': 'Convenience Stores'}]",1.0,"{'latitude': 42.34903204730243, 'longitude': -71.1325056}",[],"{'address1': '1266 Commonwealth Ave', 'address2': '', 'address3': None, 'city': 'Allston', 'zip_code': '02134', 'country': 'US', 'state': 'MA', 'display_address': ['1266 Commonwealth Ave', 'Allston, MA 02134']}",+16172776080,(617) 277-6080,2976.2064640092694,"[{'open': [{'is_overnight': False, 'start': '0800', 'end': '2100', 'day': 0}, {'is_overnight': False, 'start': '0800', 'end': '2100', 'day': 1}, {'is_overnight': False, 'start': '0800', 'end': '2100', 'day': 2}, {'is_overnight': False, 'start': '0800', 'end': '2100', 'day': 3}, {'is_overnight': False, 'start': '0800', 'end': '2100', 'day': 4}, {'is_overnight': False, 'start': '0900', 'end': '2000', 'day': 5}, {'is_overnight': False, 'start': '0900', 'end': '2000', 'day': 6}], 'hours_type': 'REGULAR', 'is_open_now': True}]","{'business_temp_closed': None, 'menu_url': None, 'open24_hours': None, 'waitlist_reservation': None}",
0lJZCkGpLFuuJa293ezI6Q,cvs-pharmacy-boston-3,CVS Pharmacy,https://s3-media3.fl.yelpcdn.com/bphoto/LvsgQkoTozjnynuIxMEcEA/o.jpg,False,https://www.yelp.com/biz/cvs-pharmacy-boston-3?adjust_creative=LZkXjIasaeGxsBSkACtcwQ&utm_campaign=yelp_api_v3&utm_medium=api_v3_business_search&utm_source=LZkXjIasaeGxsBSkACtcwQ,40,"[{'alias': 'drugstores', 'title': 'Drugstores'}, {'alias': 'pharmacy', 'title': 'Pharmacy'}, {'alias': 'convenience', 'title': 'Convenience Stores'}]",3.2,"{'latitude': 42.352601, 'longitude': -71.062991}",['delivery'],"{'address1': '631 Washington Street', 'address2': '', 'address3': '', 'city': 'Boston', 'zip_code': '02111', 'country': 'US', 'state': 'MA', 'display_address': ['631 Washington Street', 'Boston, MA 02111']}",+16173380128,(617) 338-0128,3005.009328826158,"[{'open': [{'is_overnight': False, 'start': '0700', 'end': '2300', 'day': 0}, {'is_overnight': False, 'start': '0700', 'end': '2300', 'day': 1}, {'is_overnight': False, 'start': '0700', 'end': '2300', 'day': 2}, {'is_overnight': False, 'start': '0700', 'end': '2300', 'day': 3}, {'is_overnight': False, 'start': '0700', 'end': '2300', 'day': 4}, {'is_overnight': False, 'start': '0700', 'end': '2300', 'day': 5}, {'is_overnight': False, 'start': '0700', 'end': '2300', 'day': 6}], 'hours_type': 'REGULAR', 'is_open_now': True}]","{'business_temp_closed': None, 'menu_url': None, 'open24_hours': None, 'waitlist_reservation': None}",$
14oLyZQEiUL2002px6vRlw,cvs-cambridge-7,CVS,https://s3-media1.fl.yelpcdn.com/bphoto/IwmDv-5rtYen3JMDNEgE4g/o.jpg,False,https://www.yelp.com/biz/cvs-cambridge-7?adjust_creative=LZkXjIasaeGxsBSkACtcwQ&utm_campaign=yelp_api_v3&utm_medium=api_v3_business_search&utm_source=LZkXjIasaeGxsBSkACtcwQ,12,"[{'alias': 'pharmacy', 'title': 'Pharmacy'}]",2.8,"{'latitude': 42.36763062392639, 'longitude': -71.07658675993096}",[],"{'address1': '100 Cambridgeside Pl', 'address2': None, 'address3': None, 'city': 'Cambridge', 'zip_code': '02141', 'country': 'US', 'state': 'MA', 'display_address': ['100 Cambridgeside Pl', 'Cambridge, MA 02141']}",+16172945871,(617) 294-5871,3200.687541014087,[],"{'business_temp_closed': None, 'waitlist_reservation': None}",
CUBZCWrPv9tkOpONFahDvw,cvs-pharmacy-allston-3,CVS Pharmacy,https://s3-media2.fl.yelpcdn.com/bphoto/Ac8hIONr6HZqQjsSQ-f33A/o.jpg,False,https://www.yelp.com/biz/cvs-pharmacy-allston-3?adjust_creative=LZkXjIasaeGxsBSkACtcwQ&utm_campaign=yelp_api_v3&utm_medium=api_v3_business_search&utm_source=LZkXjIasaeGxsBSkACtcwQ,24,"[{'alias': 'drugstores', 'title': 'Drugstores'}, {'alias': 'pharmacy', 'title': 'Pharmacy'}, {'alias': 'convenience', 'title': 'Convenience Stores'}]",3.0,"{'latitude': 42.353793, 'longitude': -71.133608}",['delivery'],"{'address1': '181 Brighton Ave', 'address2': '', 'address3': '', 'city': 'Allston', 'zip_code': '02134', 'country': 'US', 'state': 'MA', 'display_address': ['181 Brighton Ave', 'Allston, MA 02134']}",+16177797313,(617) 779-7313,3218.632881023726,"[{'open': [{'is_overnight': False, 'start': '0900', 'end': '2100', 'day': 0}, {'is_overnight': False, 'start': '0900', 'end': '2100', 'day': 1}, {'is_overnight': False, 'start': '0900', 'end': '2100', 'day': 2}, {'is_overnight': False, 'start': '0900', 'end': '2100', 'day': 3}, {'is_overnight': False, 'start': '0900', 'end': '2100', 'day': 4}, {'is_overnight': False, 'start': '1000', 'end': '1800', 'day': 5}, {'is_overnight': False, 'start': '1000', 'end': '1800', 'day': 6}], 'hours_type': 'REGULAR', 'is_open_now': True}]","{'business_temp_closed': None, 'menu_url': None, 'open24_hours': None, 'waitlist_reservation': None}",$$
Kq91qxflNkJyktVYD25V6w,cvs-pharmacy-boston-7,CVS Pharmacy,https://s3-media3.fl.yelpcdn.com/bphoto/fbKC9ECvJAv9nfrVWdIYJw/o.jpg,False,https://www.yelp.com/biz/cvs-pharmacy-boston-7?adjust_creative=LZkXjIasaeGxsBSkACtcwQ&utm_campaign=yelp_api_v3&utm_medium=api_v3_business_search&utm_source=LZkXjIasaeGxsBSkACtcwQ,30,"[{'alias': 'drugstores', 'title': 'Drugstores'}, {'alias': 'pharmacy', 'title': 'Pharmacy'}, {'alias': 'convenience', 'title': 'Convenience Stores'}]",2.7,"{'latitude': 42.36138, 'longitude': -71.0657}",['delivery'],"{'address1': '191 Cambridge St', 'address2': '', 'address3': 'Charles River Plaza', 'city': 'Boston', 'zip_code': '02114', 'country': 'US', 'state': 'MA', 'display_address': ['191 Cambridge St', 'Charles River Plaza', 'Boston, MA 02114']}",+16173670441,(617) 367-0441,3322.1177447758964,"[{'open': [{'is_overnight': False, 'start': '0700', 'end': '2200', 'day': 0}, {'is_overnight': False, 'start': '0700', 'end': '2200', 'day': 1}, {'is_overnight': False, 'start': '0700', 'end': '2200', 'day': 2}, {'is_overnight': False, 'start': '0700', 'end': '2200', 'day': 3}, {'is_overnight': False, 'start': '0700', 'end': '2200', 'day': 4}, {'is_overnight': False, 'start': '0700', 'end': '2200', 'day': 5}, {'is_overnight': False, 'start': '0700', 'end': '2200', 'day': 6}], 'hours_type': 'REGULAR', 'is_open_now': True}]","{'business_temp_closed': None, 'menu_url': None, 'open24_hours': None, 'waitlist_reservation': None}",$$
nzMtfSxvdWGVYi0NiPxXSQ,cvs-cambridge-10,CVS,,False,https://www.yelp.com/biz/cvs-cambridge-10?adjust_creative=LZkXjIasaeGxsBSkACtcwQ&utm_campaign=yelp_api_v3&utm_medium=api_v3_business_search&utm_source=LZkXjIasaeGxsBSkACtcwQ,3,"[{'alias': 'drugstores', 'title': 'Drugstores'}]",4.7,"{'latitude': 42.37124, 'longitude': -71.07964}",[],"{'address1': '225 Cambridge St', 'address2': '', 'address3': None, 'city': 'Cambridge', 'zip_code': '02141', 'country': 'US', 'state': 'MA', 'display_address': ['225 Cambridge St', 'Cambridge, MA 02141']}",+16176615711,(617) 661-5711,3436.047803774057,[],"{'business_temp_closed': None, 'open24_hours': None, 'waitlist_reservation': None}",
YbYP7ko-q16znEBWOPBkMA,cvs-pharmacy-cambridge-21,CVS Pharmacy,https://s3-media3.fl.yelpcdn.com/bphoto/oDdhJF7MZhqJit6D8SLd6Q/o.jpg,False,https://www.yelp.com/biz/cvs-pharmacy-cambridge-21?adjust_creative=LZkXjIasaeGxsBSkACtcwQ&utm_campaign=yelp_api_v3&utm_medium=api_v3_business_search&utm_source=LZkXjIasaeGxsBSkACtcwQ,13,"[{'alias': 'convenience', 'title': 'Convenience Stores'}, {'alias': 'drugstores', 'title': 'Drugstores'}, {'alias': 'pharmacy', 'title': 'Pharmacy'}]",2.2,"{'latitude': 42.37124, 'longitude': -71.07964}",['delivery'],"{'address1': '225 Cambridge St', 'address2': '', 'address3': None, 'city': 'Cambridge', 'zip_code': '02141', 'country': 'US', 'state': 'MA', 'display_address': ['225 Cambridge St', 'Cambridge, MA 02141']}",+16175282109,(617) 528-2109,3436.5865549942196,"[{'open': [{'is_overnight': False, 'start': '0700', 'end': '2200', 'day': 0}, {'is_overnight': False, 'start': '0700', 'end': '2200', 'day': 1}, {'is_overnight': False, 'start': '0700', 'end': '2200', 'day': 2}, {'is_overnight': False, 'start': '0700', 'end': '2200', 'day': 3}, {'is_overnight': False, 'start': '0700', 'end': '2200', 'day': 4}, {'is_overnight': False, 'start': '0700', 'end': '2200', 'day': 5}, {'is_overnight': False, 'start': '0700', 'end': '2200', 'day': 6}], 'hours_type': 'REGULAR', 'is_open_now': True}]","{'business_temp_closed': None, 'menu_url': None, 'open24_hours': None, 'waitlist_reservation': None}",
oeOIYgaz_LRrgfGobOOG-g,cvs-pharmacy-boston-30,CVS Pharmacy,https://s3-media2.fl.yelpcdn.com/bphoto/V4dTJzLmaxkc432EkXH38Q/o.jpg,False,https://www.yelp.com/biz/cvs-pharmacy-boston-30?adjust_creative=LZkXjIasaeGxsBSkACtcwQ&utm_campaign=yelp_api_v3&utm_medium=api_v3_business_search&utm_source=LZkXjIasaeGxsBSkACtcwQ,49,"[{'alias': 'drugstores', 'title': 'Drugstores'}, {'alias': 'pharmacy', 'title': 'Pharmacy'}, {'alias': 'convenience', 'title': 'Convenience Stores'}]",3.2,"{'latitude': 42.356999, 'longitude': -71.059286}",['delivery'],"{'address1': '333 Washington St', 'address2': None, 'address3': 'Downtown Crossing', 'city': 'Boston', 'zip_code': '02108', 'country': 'US', 'state': 'MA', 'display_address': ['333 Washington St', 'Downtown Crossing', 'Boston, MA 02108']}",+16177420783,(617) 742-0783,3467.554944426909,"[{'open': [{'is_overnight': False, 'start': '0900', 'end': '1330', 'day': 0}, {'is_overnight': False, 'start': '1400', 'end': '1900', 'day': 0}, {'is_overnight': False, 'start': '0900', 'end': '1330', 'day': 1}, {'is_overnight': False, 'start': '1400', 'end': '1900', 'day': 1}, {'is_overnight': False, 'start': '0900', 'end': '1330', 'day': 2}, {'is_overnight': False, 'start': '1400', 'end': '1900', 'day': 2}, {'is_overnight': False, 'start': '0900', 'end': '1330', 'day': 3}, {'is_overnight': False, 'start': '1400', 'end': '1900', 'day': 3}, {'is_overnight': False, 'start': '0900', 'end': '1330', 'day': 4}, {'is_overnight': False, 'start': '1400', 'end': '1900', 'day': 4}, {'is_overnight': False, 'start': '1000', 'end': '1330', 'day': 5}, {'is_overnight': False, 'start': '1400', 'end': '1800', 'day': 5}, {'is_overnight': False, 'start': '1100', 'end': '1330', 'day': 6}, {'is_overnight': False, 'start': '1400', 'end': '1700', 'day': 6}], 'hours_type': 'REGULAR', 'is_open_now': True}]","{'business_temp_closed': None, 'menu_url': None, 'open24_hours': None, 'waitlist_reservation': None}",$
PpfRGJl28hcmWsvEr9PQeg,cvs-pharmacy-boston-51,CVS Pharmacy,https://s3-media3.fl.yelpcdn.com/bphoto/lnYSRcSwiJ9O7uNml7WP3g/o.jpg,False,https://www.yelp.com/biz/cvs-pharmacy-boston-51?adjust_creative=LZkXjIasaeGxsBSkACtcwQ&utm_campaign=yelp_api_v3&utm_medium=api_v3_business_search&utm_source=LZkXjIasaeGxsBSkACtcwQ,16,"[{'alias': 'drugstores', 'title': 'Drugstores'}, {'alias': 'pharmacy', 'title': 'Pharmacy'}, {'alias': 'convenience', 'title': 'Convenience Stores'}]",2.7,"{'latitude': 42.35119, 'longitude': -71.05605}",[],"{'address1': '700 Atlantic Ave', 'address2': '', 'address3': '', 'city': 'Boston', 'zip_code': '02111', 'country': 'US', 'state': 'MA', 'display_address': ['700 Atlantic Ave', 'Boston, MA 02111']}",+16177377232,(617) 737-7232,3474.088440031492,"[{'open': [{'is_overnight': False, 'start': '0700', 'end': '2000', 'day': 0}, {'is_overnight': False, 'start': '0700', 'end': '2000', 'day': 1}, {'is_overnight': False, 'start': '0700', 'end': '2000', 'day': 2}, {'is_overnight': False, 'start': '0700', 'end': '2000', 'day': 3}, {'is_overnight': False, 'start': '0700', 'end': '2000', 'day': 4}, {'is_overnight': False, 'start': '0900', 'end': '2000', 'day': 5}, {'is_overnight': False, 'start': '0900', 'end': '2000', 'day': 6}], 'hours_type': 'REGULAR', 'is_open_now': True}]","{'business_temp_closed': None, 'menu_url': None, 'open24_hours': None, 'waitlist_reservation': None}",$
iDvhC2ZDIP0UGDFnNNcx9A,cvs-pharmacy-somerville-6,CVS Pharmacy,https://s3-media1.fl.yelpcdn.com/bphoto/6mVPB6CaG_2aC3KMjPzRHw/o.jpg,False,https://www.yelp.com/biz/cvs-pharmacy-somerville-6?adjust_creative=LZkXjIasaeGxsBSkACtcwQ&utm_campaign=yelp_api_v3&utm_medium=api_v3_business_search&utm_source=LZkXjIasaeGxsBSkACtcwQ,4,"[{'alias': 'drugstores', 'title': 'Drugstores'}, {'alias': 'pharmacy', 'title': 'Pharmacy'}, {'alias': 'convenience', 'title': 'Convenience Stores'}]",4.0,"{'latitude': 42.37638, 'longitude': -71.090214}",[],"{'address1': '180 Somerville Ave', 'address2': None, 'address3': None, 'city': 'Somerville', 'zip_code': '02143', 'country': 'US', 'state': 'MA', 'display_address': ['180 Somerville Ave', 'Somerville, MA 02143']}",+16177764919,(617) 776-4919,3734.4145083562353,"[{'open': [{'is_overnight': False, 'start': '0900', 'end': '2000', 'day': 0}, {'is_overnight': False, 'start': '0700', 'end': '1900', 'day': 1}, {'is_overnight': False, 'start': '0900', 'end': '2000', 'day': 2}, {'is_overnight': False, 'start': '0900', 'end': '2000', 'day': 3}, {'is_overnight': False, 'start': '0900', 'end': '2000', 'day': 4}, {'is_overnight': False, 'start': '0900', 'end': '1800', 'day': 5}, {'is_overnight': False, 'start': '0900', 'end': '1800', 'day': 6}], 'hours_type': 'REGULAR', 'is_open_now': True}]","{'business_temp_closed': None, 'menu_url': None, 'open24_hours': None, 'waitlist_reservation': None}",
uMblCSTkkxfyKyKlldy0KQ,cvs-pharmacy-jamaica-plain-4,CVS Pharmacy,https://s3-media1.fl.yelpcdn.com/bphoto/0B0q_CZ35TeSUWHIRp96UQ/o.jpg,False,https://www.yelp.com/biz/cvs-pharmacy-jamaica-plain-4?adjust_creative=LZkXjIasaeGxsBSkACtcwQ&utm_campaign=yelp_api_v3&utm_medium=api_v3_business_search&utm_source=LZkXjIasaeGxsBSkACtcwQ,41,"[{'alias': 'drugstores', 'title': 'Drugstores'}, {'alias': 'pharmacy', 'title': 'Pharmacy'}, {'alias': 'convenience', 'title': 'Convenience Stores'}]",2.3,"{'latitude': 42.31146, 'longitude': -71.114021}",['delivery'],"{'address1': '704 Centre St', 'address2': '', 'address3': '', 'city': 'Jamaica Plain', 'zip_code': '02130', 'country': 'US', 'state': 'MA', 'display_address': ['704 Centre St', 'Jamaica Plain, MA 02130']}",+16175244714,(617) 524-4714,3784.5084140275217,"[{'open': [{'is_overnight': False, 'start': '0700', 'end': '2300', 'day': 0}, {'is_overnight': False, 'start': '0700', 'end': '2300', 'day': 1}, {'is_overnight': False, 'start': '0700', 'end': '2300', 'day': 2}, {'is_overnight': False, 'start': '0700', 'end': '2300', 'day': 3}, {'is_overnight': False, 'start': '0700', 'end': '2300', 'day': 4}, {'is_overnight': False, 'start': '0700', 'end': '2300', 'day': 5}, {'is_overnight': False, 'start': '0700', 'end': '2300', 'day': 6}], 'hours_type': 'REGULAR', 'is_open_now': True}]","{'business_temp_closed': None, 'menu_url': None, 'open24_hours': None, 'waitlist_reservation': None}",$
JubyEoA1rYDyDeYuldFRLg,cvs-pharmacy-cambridge-16,CVS Pharmacy,https://s3-media2.fl.yelpcdn.com/bphoto/rRrqKBPmkJcIu0ROQvuRCg/o.jpg,False,https://www.yelp.com/biz/cvs-pharmacy-cambridge-16?adjust_creative=LZkXjIasaeGxsBSkACtcwQ&utm_campaign=yelp_api_v3&utm_medium=api_v3_business_search&utm_source=LZkXjIasaeGxsBSkACtcwQ,51,"[{'alias': 'drugstores', 'title': 'Drugstores'}, {'alias': 'pharmacy', 'title': 'Pharmacy'}, {'alias': 'convenience', 'title': 'Convenience Stores'}]",2.6,"{'latitude': 42.373209, 'longitude': -71.119368}",['delivery'],"{'address1': '6 John F Kennedy St', 'address2': '', 'address3': '', 'city': 'Cambridge', 'zip_code': '02138', 'country': 'US', 'state': 'MA', 'display_address': ['6 John F Kennedy St', 'Cambridge, MA 02138']}",+16173544420,(617) 354-4420,3804.9069744726967,"[{'open': [{'is_overnight': True, 'start': '0000', 'end': '0000', 'day': 0}, {'is_overnight': True, 'start': '0000', 'end': '0000', 'day': 1}, {'is_overnight': True, 'start': '0000', 'end': '0000', 'day': 2}, {'is_overnight': True, 'start': '0000', 'end': '0000', 'day': 3}, {'is_overnight': True, 'start': '0000', 'end': '0000', 'day': 4}, {'is_overnight': True, 'start': '0000', 'end': '0000', 'day': 5}, {'is_overnight': True, 'start': '0000', 'end': '0000', 'day': 6}], 'hours_type': 'REGULAR', 'is_open_now': True}]","{'business_temp_closed': None, 'menu_url': None, 'open24_hours': None, 'waitlist_reservation': None}",$$
kCSsrvluU3EEhVEydcZT8A,cvs-pharmacy-dorchester-4,CVS Pharmacy,https://s3-media1.fl.yelpcdn.com/bphoto/vEP6vJfezMbeRhmc6aWLWg/o.jpg,False,https://www.yelp.com/biz/cvs-pharmacy-dorchester-4?adjust_creative=LZkXjIasaeGxsBSkACtcwQ&utm_campaign=yelp_api_v3&utm_medium=api_v3_business_search&utm_source=LZkXjIasaeGxsBSkACtcwQ,13,"[{'alias': 'drugstores', 'title': 'Drugstores'}, {'alias': 'pharmacy', 'title': 'Pharmacy'}, {'alias': 'convenience', 'title': 'Convenience Stores'}]",1.8,"{'latitude': 42.317485, 'longitude': -71.065397}",['delivery'],"{'address1': '778 Dudley St', 'address2': None, 'address3': None, 'city': 'Dorchester', 'zip_code': '02125', 'country': 'US', 'state': 'MA', 'display_address': ['778 Dudley St', 'Dorchester, MA 02125']}",+16178252572,(617) 825-2572,3869.4306571800375,"[{'open': [{'is_overnight': False, 'start': '0800', 'end': '2100', 'day': 0}, {'is_overnight': False, 'start': '0800', 'end': '2100', 'day': 1}, {'is_overnight': False, 'start': '0800', 'end': '2100', 'day': 2}, {'is_overnight': False, 'start': '0800', 'end': '2100', 'day': 3}, {'is_overnight': False, 'start': '0800', 'end': '2100', 'day': 4}, {'is_overnight': False, 'start': '0800', 'end': '2100', 'day': 5}, {'is_overnight': False, 'start': '0800', 'end': '2100', 'day': 6}], 'hours_type': 'REGULAR', 'is_open_now': True}]","{'business_temp_closed': None, 'menu_url': None, 'open24_hours': None, 'waitlist_reservation': None}",$$
xzpFF4kJwRteFFZqR4juWQ,cvs-pharmacy-boston-45,CVS Pharmacy,https://s3-media2.fl.yelpcdn.com/bphoto/tGJnj8j5In83uc2c7i-Kog/o.jpg,False,https://www.yelp.com/biz/cvs-pharmacy-boston-45?adjust_creative=LZkXjIasaeGxsBSkACtcwQ&utm_campaign=yelp_api_v3&utm_medium=api_v3_business_search&utm_source=LZkXjIasaeGxsBSkACtcwQ,25,"[{'alias': 'drugstores', 'title': 'Drugstores'}, {'alias': 'convenience', 'title': 'Convenience Stores'}, {'alias': 'pharmacy', 'title': 'Pharmacy'}]",3.3,"{'latitude': 42.36511, 'longitude': -71.06069}",['delivery'],"{'address1': '101 Canal Street Suite A', 'address2': 'Ste A', 'address3': '', 'city': 'Boston', 'zip_code': '02114', 'country': 'US', 'state': 'MA', 'display_address': ['101 Canal Street Suite A', 'Ste A', 'Boston, MA 02114']}",+16172270720,(617) 227-0720,3878.4660769733296,"[{'open': [{'is_overnight': False, 'start': '0700', 'end': '2200', 'day': 0}, {'is_overnight': False, 'start': '0700', 'end': '2200', 'day': 1}, {'is_overnight': False, 'start': '0700', 'end': '2200', 'day': 2}, {'is_overnight': False, 'start': '0700', 'end': '2200', 'day': 3}, {'is_overnight': False, 'start': '0700', 'end': '2200', 'day': 4}, {'is_overnight': False, 'start': '0700', 'end': '2200', 'day': 5}, {'is_overnight': False, 'start': '0700', 'end': '2200', 'day': 6}], 'hours_type': 'REGULAR', 'is_open_now': True}]","{'business_temp_closed': None, 'menu_url': None, 'open24_hours': None, 'waitlist_reservation': None}",$$
iThxuc7OSK7hu2VXM2TEZQ,cvs-pharmacy-dorchester-2,CVS Pharmacy,https://s3-media4.fl.yelpcdn.com/bphoto/w07uhKOcdoczWAxdOkq52A/o.jpg,False,https://www.yelp.com/biz/cvs-pharmacy-dorchester-2?adjust_creative=LZkXjIasaeGxsBSkACtcwQ&utm_campaign=yelp_api_v3&utm_medium=api_v3_business_search&utm_source=LZkXjIasaeGxsBSkACtcwQ,9,"[{'alias': 'drugstores', 'title': 'Drugstores'}, {'alias': 'convenience', 'title': 'Convenience Stores'}, {'alias': 'pharmacy', 'title': 'Pharmacy'}]",2.3,"{'latitude': 42.308776, 'longitude': -71.081825}",['delivery'],"{'address1': '468 Blue Hill Ave', 'address2': '', 'address3': '', 'city': 'Dorchester', 'zip_code': '02121', 'country': 'US', 'state': 'MA', 'display_address': ['468 Blue Hill Ave', 'Dorchester, MA 02121']}",+16174277806,(617) 427-7806,4025.9370104791665,"[{'open': [{'is_overnight': False, 'start': '0700', 'end': '2300', 'day': 0}, {'is_overnight': False, 'start': '0700', 'end': '2300', 'day': 1}, {'is_overnight': False, 'start': '0700', 'end': '2300', 'day': 2}, {'is_overnight': False, 'start': '0700', 'end': '2300', 'day': 3}, {'is_overnight': False, 'start': '0700', 'end': '2300', 'day': 4}, {'is_overnight': False, 'start': '0700', 'end': '2300', 'day': 5}, {'is_overnight': False, 'start': '0700', 'end': '2300', 'day': 6}], 'hours_type': 'REGULAR', 'is_open_now': True}]","{'business_temp_closed': None, 'menu_url': None, 'open24_hours': None, 'waitlist_reservation': None}",$$
JfcDjpBLMMJESmPoFRdc-w,cvs-pharmacy-boston-12,CVS Pharmacy,https://s3-media3.fl.yelpcdn.com/bphoto/Oa2hJ77EvQ3ihxA46sKFuA/o.jpg,False,https://www.yelp.com/biz/cvs-pharmacy-boston-12?adjust_creative=LZkXjIasaeGxsBSkACtcwQ&utm_campaign=yelp_api_v3&utm_medium=api_v3_business_search&utm_source=LZkXjIasaeGxsBSkACtcwQ,30,"[{'alias': 'drugstores', 'title': 'Drugstores'}, {'alias': 'pharmacy', 'title': 'Pharmacy'}, {'alias': 'convenience', 'title': 'Convenience Stores'}]",3.2,"{'latitude': 42.36307, 'longitude': -71.05549}",['delivery'],"{'address1': '218 Hanover St', 'address2': '', 'address3': '', 'city': 'Boston', 'zip_code': '02113', 'country': 'US', 'state': 'MA', 'display_address': ['218 Hanover St', 'Boston, MA 02113']}",+16177204935,(617) 720-4935,4072.6453181583784,"[{'open': [{'is_overnight': False, 'start': '0700', 'end': '2300', 'day': 0}, {'is_overnight': False, 'start': '0700', 'end': '2300', 'day': 1}, {'is_overnight': False, 'start': '0700', 'end': '2300', 'day': 2}, {'is_overnight': False, 'start': '0700', 'end': '2300', 'day': 3}, {'is_overnight': False, 'start': '0700', 'end': '2300', 'day': 4}, {'is_overnight': False, 'start': '0700', 'end': '2300', 'day': 5}, {'is_overnight': False, 'start': '0700', 'end': '2300', 'day': 6}], 'hours_type': 'REGULAR', 'is_open_now': True}]","{'business_temp_closed': None, 'menu_url': None, 'open24_hours': None, 'waitlist_reservation': None}",$$
WURSijVAax3-YHmGYCEx4g,cvs-pharmacy-boston-80,CVS Pharmacy,https://s3-media4.fl.yelpcdn.com/bphoto/LeMqKRdHl3Z5Exj5NFZguA/o.jpg,False,https://www.yelp.com/biz/cvs-pharmacy-boston-80?adjust_creative=LZkXjIasaeGxsBSkACtcwQ&utm_campaign=yelp_api_v3&utm_medium=api_v3_business_search&utm_source=LZkXjIasaeGxsBSkACtcwQ,1,"[{'alias': 'pharmacy', 'title': 'Pharmacy'}, {'alias': 'drugstores', 'title': 'Drugstores'}, {'alias': 'convenience', 'title': 'Convenience Stores'}]",1.0,"{'latitude': 42.336848, 'longitude': -71.048227}",[],"{'address1': '409 W Broadway S', 'address2': None, 'address3': None, 'city': 'Boston', 'zip_code': '02127', 'country': 'US', 'state': 'MA', 'display_address': ['409 W Broadway S', 'Boston, MA 02127']}",+16177669038,(617) 766-9038,4082.2683388834935,[],"{'business_temp_closed': None, 'menu_url': None, 'open24_hours': None, 'waitlist_reservation': None}",
6gl4ODHoMj2a9YZZeM64Og,cvs-pharmacy-south-boston-5,CVS Pharmacy,https://s3-media3.fl.yelpcdn.com/bphoto/H7NAS3f_PoqIhNMvB3ZoBw/o.jpg,False,https://www.yelp.com/biz/cvs-pharmacy-south-boston-5?adjust_creative=LZkXjIasaeGxsBSkACtcwQ&utm_campaign=yelp_api_v3&utm_medium=api_v3_business_search&utm_source=LZkXjIasaeGxsBSkACtcwQ,36,"[{'alias': 'drugstores', 'title': 'Drugstores'}, {'alias': 'pharmacy', 'title': 'Pharmacy'}, {'alias': 'convenience', 'title': 'Convenience Stores'}]",2.1,"{'latitude': 42.336564954571266, 'longitude': -71.04759483478786}",['delivery'],"{'address1': '423 West Broadway', 'address2': '', 'address3': '', 'city': 'South Boston', 'zip_code': '02127', 'country': 'US', 'state': 'MA', 'display_address': ['423 West Broadway', 'South Boston, MA 02127']}",+16172697656,(617) 269-7656,4140.229444543761,"[{'open': [{'is_overnight': False, 'start': '0900', 'end': '1330', 'day': 0}, {'is_overnight': False, 'start': '1400', 'end': '2100', 'day': 0}, {'is_overnight': False, 'start': '0900', 'end': '1330', 'day': 1}, {'is_overnight': False, 'start': '1400', 'end': '2100', 'day': 1}, {'is_overnight': False, 'start': '0900', 'end': '1330', 'day': 2}, {'is_overnight': False, 'start': '1400', 'end': '2100', 'day': 2}, {'is_overnight': False, 'start': '0900', 'end': '1330', 'day': 3}, {'is_overnight': False, 'start': '1400', 'end': '2100', 'day': 3}, {'is_overnight': False, 'start': '0900', 'end': '1330', 'day': 4}, {'is_overnight': False, 'start': '1400', 'end': '2100', 'day': 4}, {'is_overnight': False, 'start': '0900', 'end': '1330', 'day': 5}, {'is_overnight': False, 'start': '1400', 'end': '1800', 'day': 5}, {'is_overnight': False, 'start': '0900', 'end': '1330', 'day': 6}, {'is_overnight': False, 'start': '1400', 'end': '1800', 'day': 6}], 'hours_type': 'REGULAR', 'is_open_now': True}]","{'business_temp_closed': None, 'menu_url': None, 'open24_hours': None, 'waitlist_reservation': None}",$$
uqj9gZRgSK3co7YevU89yA,cvs-pharmacy-boston-58,CVS Pharmacy,https://s3-media3.fl.yelpcdn.com/bphoto/LG8Q6igEfrMjc9puxrVktQ/o.jpg,False,https://www.yelp.com/biz/cvs-pharmacy-boston-58?adjust_creative=LZkXjIasaeGxsBSkACtcwQ&utm_campaign=yelp_api_v3&utm_medium=api_v3_business_search&utm_source=LZkXjIasaeGxsBSkACtcwQ,17,"[{'alias': 'pharmacy', 'title': 'Pharmacy'}, {'alias': 'convenience', 'title': 'Convenience Stores'}, {'alias': 'drugstores', 'title': 'Drugstores'}]",3.2,"{'latitude': 42.351583, 'longitude': -71.046248}",['delivery'],"{'address1': '85 Seaport Blvd', 'address2': 'Unit H', 'address3': None, 'city': 'Boston', 'zip_code': '02210', 'country': 'US', 'state': 'MA', 'display_address': ['85 Seaport Blvd', 'Unit H', 'Boston, MA 02210']}",+18573504646,(857) 350-4646,4300.4226845608455,"[{'open': [{'is_overnight': False, 'start': '0700', 'end': '2300', 'day': 0}, {'is_overnight': False, 'start': '0700', 'end': '2300', 'day': 1}, {'is_overnight': False, 'start': '0700', 'end': '2300', 'day': 2}, {'is_overnight': False, 'start': '0700', 'end': '2300', 'day': 3}, {'is_overnight': False, 'start': '0700', 'end': '2300', 'day': 4}, {'is_overnight': False, 'start': '0700', 'end': '2300', 'day': 5}, {'is_overnight': False, 'start': '0700', 'end': '2300', 'day': 6}], 'hours_type': 'REGULAR', 'is_open_now': True}]","{'business_temp_closed': None, 'menu_url': None, 'open24_hours': None, 'waitlist_reservation': None}",$$
1NzX_vTH_x2Q25198vI8tg,cvs-pharmacy-brighton,CVS Pharmacy,https://s3-media3.fl.yelpcdn.com/bphoto/esnBjv8yhRnG4O-kymI4PQ/o.jpg,False,https://www.yelp.com/biz/cvs-pharmacy-brighton?adjust_creative=LZkXjIasaeGxsBSkACtcwQ&utm_campaign=yelp_api_v3&utm_medium=api_v3_business_search&utm_source=LZkXjIasaeGxsBSkACtcwQ,54,"[{'alias': 'drugstores', 'title': 'Drugstores'}, {'alias': 'pharmacy', 'title': 'Pharmacy'}, {'alias': 'convenience', 'title': 'Convenience Stores'}]",2.4,"{'latitude': 42.335888, 'longitude': -71.14899}",['delivery'],"{'address1': '1927 Beacon St', 'address2': '', 'address3': '', 'city': 'Brighton', 'zip_code': '02135', 'country': 'US', 'state': 'MA', 'display_address': ['1927 Beacon St', 'Brighton, MA 02135']}",+16177386820,(617) 738-6820,4335.730571205858,"[{'open': [{'is_overnight': False, 'start': '0700', 'end': '0000', 'day': 0}, {'is_overnight': False, 'start': '0700', 'end': '0000', 'day': 1}, {'is_overnight': False, 'start': '0700', 'end': '0000', 'day': 2}, {'is_overnight': False, 'start': '0700', 'end': '0000', 'day': 3}, {'is_overnight': False, 'start': '0700', 'end': '0000', 'day': 4}, {'is_overnight': False, 'start': '0700', 'end': '0000', 'day': 5}, {'is_overnight': False, 'start': '0700', 'end': '0000', 'day': 6}], 'hours_type': 'REGULAR', 'is_open_now': True}]","{'business_temp_closed': None, 'menu_url': None, 'open24_hours': None, 'waitlist_reservation': None}",$$
nYFmISkUjnHOoPxJ-GhlAQ,cvs-pharmacy-charlestown,CVS Pharmacy,https://s3-media1.fl.yelpcdn.com/bphoto/cgl6SN85B_b8mO0tA4M44g/o.jpg,False,https://www.yelp.com/biz/cvs-pharmacy-charlestown?adjust_creative=LZkXjIasaeGxsBSkACtcwQ&utm_campaign=yelp_api_v3&utm_medium=api_v3_business_search&utm_source=LZkXjIasaeGxsBSkACtcwQ,35,"[{'alias': 'drugstores', 'title': 'Drugstores'}, {'alias': 'pharmacy', 'title': 'Pharmacy'}, {'alias': 'convenience', 'title': 'Convenience Stores'}]",1.7,"{'latitude': 42.37515, 'longitude': -71.06531}",[],"{'address1': '21 Austin St', 'address2': '', 'address3': '', 'city': 'Charlestown', 'zip_code': '02129', 'country': 'US', 'state': 'MA', 'display_address': ['21 Austin St', 'Charlestown, MA 02129']}",+16172422950,(617) 242-2950,4477.514954406802,"[{'open': [{'is_overnight': False, 'start': '0700', 'end': '2200', 'day': 0}, {'is_overnight': False, 'start': '0700', 'end': '2200', 'day': 1}, {'is_overnight': False, 'start': '0700', 'end': '2200', 'day': 2}, {'is_overnight': False, 'start': '0700', 'end': '2200', 'day': 3}, {'is_overnight': False, 'start': '0700', 'end': '2200', 'day': 4}, {'is_overnight': False, 'start': '0700', 'end': '2200', 'day': 5}, {'is_overnight': False, 'start': '0700', 'end': '2200', 'day': 6}], 'hours_type': 'REGULAR', 'is_open_now': True}]","{'business_temp_closed': None, 'menu_url': None, 'open24_hours': None, 'waitlist_reservation': None}",$$
bGWx9NVbjnwg6hJ0OZeHog,cvs-pharmacy-brighton-12,CVS Pharmacy,https://s3-media4.fl.yelpcdn.com/bphoto/c5OiNjV3v9ARB8Ly5whZjg/o.jpg,False,https://www.yelp.com/biz/cvs-pharmacy-brighton-12?adjust_creative=LZkXjIasaeGxsBSkACtcwQ&utm_campaign=yelp_api_v3&utm_medium=api_v3_business_search&utm_source=LZkXjIasaeGxsBSkACtcwQ,24,"[{'alias': 'drugstores', 'title': 'Drugstores'}, {'alias': 'pharmacy', 'title': 'Pharmacy'}, {'alias': 'convenience', 'title': 'Convenience Stores'}]",2.8,"{'latitude': 42.355749, 'longitude': -71.150238}",['delivery'],"{'address1': '207 Market Street', 'address2': '', 'address3': '', 'city': 'Brighton', 'zip_code': '02135', 'country': 'US', 'state': 'MA', 'display_address': ['207 Market Street', 'Brighton, MA 02135']}",+16172540358,(617) 254-0358,4576.60718353464,"[{'open': [{'is_overnight': False, 'start': '0700', 'end': '0000', 'day': 0}, {'is_overnight': False, 'start': '0700', 'end': '0000', 'day': 1}, {'is_overnight': False, 'start': '0700', 'end': '0000', 'day': 2}, {'is_overnight': False, 'start': '0700', 'end': '0000', 'day': 3}, {'is_overnight': False, 'start': '0700', 'end': '0000', 'day': 4}, {'is_overnight': False, 'start': '0700', 'end': '0000', 'day': 5}, {'is_overnight': False, 'start': '0700', 'end': '0000', 'day': 6}], 'hours_type': 'REGULAR', 'is_open_now': True}]","{'business_temp_closed': None, 'menu_url': None, 'open24_hours': None, 'waitlist_reservation': None}",
NhfAJNeGSsc9lRqO8Fg0Bw,cvs-pharmacy-brighton-5,CVS Pharmacy,https://s3-media3.fl.yelpcdn.com/bphoto/FPRntcMGJslRTrGojwynzA/o.jpg,False,https://www.yelp.com/biz/cvs-pharmacy-brighton-5?adjust_creative=LZkXjIasaeGxsBSkACtcwQ&utm_campaign=yelp_api_v3&utm_medium=api_v3_business_search&utm_source=LZkXjIasaeGxsBSkACtcwQ,50,"[{'alias': 'drugstores', 'title': 'Drugstores'}, {'alias': 'pharmacy', 'title': 'Pharmacy'}, {'alias': 'convenience', 'title': 'Convenience Stores'}]",2.1,"{'latitude': 42.349429, 'longitude': -71.156398}",['delivery'],"{'address1': '427 Washington St', 'address2': '', 'address3': '', 'city': 'Brighton', 'zip_code': '02135', 'country': 'US', 'state': 'MA', 'display_address': ['427 Washington St', 'Brighton, MA 02135']}",+16177832577,(617) 783-2577,4917.314809283264,"[{'open': [{'is_overnight': False, 'start': '0700', 'end': '0000', 'day': 0}, {'is_overnight': False, 'start': '0700', 'end': '0000', 'day': 1}, {'is_overnight': False, 'start': '0700', 'end': '0000', 'day': 2}, {'is_overnight': False, 'start': '0700', 'end': '0000', 'day': 3}, {'is_overnight': False, 'start': '0700', 'end': '0000', 'day': 4}, {'is_overnight': False, 'start': '0700', 'end': '0000', 'day': 5}, {'is_overnight': False, 'start': '0700', 'end': '0000', 'day': 6}], 'hours_type': 'REGULAR', 'is_open_now': True}]","{'business_temp_closed': None, 'menu_url': None, 'open24_hours': None, 'waitlist_reservation': None}",$$
fkxx4IkbS9MiHXmis_xOHA,cvs-pharmacy-cambridge-17,CVS Pharmacy,,False,https://www.yelp.com/biz/cvs-pharmacy-cambridge-17?adjust_creative=LZkXjIasaeGxsBSkACtcwQ&utm_campaign=yelp_api_v3&utm_medium=api_v3_business_search&utm_source=LZkXjIasaeGxsBSkACtcwQ,5,"[{'alias': 'photographystores', 'title': 'Photography Stores & Services'}, {'alias': 'drugstores', 'title': 'Drugstores'}]",2.4,"{'latitude': 42.3803274, 'longitude': -71.1389101}",[],"{'address1': '100 Cambridgeside Place Ofc', 'address2': '', 'address3': '', 'city': 'Cambridge', 'zip_code': '02141', 'country': 'US', 'state': 'MA', 'display_address': ['100 Cambridgeside Place Ofc', 'Cambridge, MA 02141']}",+16176210870,(617) 621-0870,5368.117339985282,"[{'open': [{'is_overnight': False, 'start': '0930', 'end': '2100', 'day': 0}, {'is_overnight': False, 'start': '0930', 'end': '2100', 'day': 1}, {'is_overnight': False, 'start': '0930', 'end': '2100', 'day': 2}, {'is_overnight': False, 'start': '0930', 'end': '2100', 'day': 3}, {'is_overnight': False, 'start': '0930', 'end': '2100', 'day': 4}, {'is_overnight': False, 'start': '0930', 'end': '2100', 'day': 5}, {'is_overnight': False, 'start': '1100', 'end': '1900', 'day': 6}], 'hours_type': 'REGULAR', 'is_open_now': True}]","{'business_temp_closed': None, 'open24_hours': None, 'waitlist_reservation': None}",$
ZPH2xal05WG8ImmmCUkarw,cvs-pharmacy-cambridge-10,CVS Pharmacy,https://s3-media2.fl.yelpcdn.com/bphoto/4r46D6DnF7DgeICWdz4CaQ/o.jpg,False,https://www.yelp.com/biz/cvs-pharmacy-cambridge-10?adjust_creative=LZkXjIasaeGxsBSkACtcwQ&utm_campaign=yelp_api_v3&utm_medium=api_v3_business_search&utm_source=LZkXjIasaeGxsBSkACtcwQ,124,"[{'alias': 'drugstores', 'title': 'Drugstores'}, {'alias': 'convenience', 'title': 'Convenience Stores'}, {'alias': 'pharmacy', 'title': 'Pharmacy'}]",2.4,"{'latitude': 42.38906, 'longitude': -71.11799}",['delivery'],"{'address1': '36 White St', 'address2': '', 'address3': '', 'city': 'Cambridge', 'zip_code': '02140', 'country': 'US', 'state': 'MA', 'display_address': ['36 White St', 'Cambridge, MA 02140']}",+16178765519,(617) 876-5519,5386.046745843086,"[{'open': [{'is_overnight': True, 'start': '0000', 'end': '0000', 'day': 0}, {'is_overnight': True, 'start': '0000', 'end': '0000', 'day': 1}, {'is_overnight': True, 'start': '0000', 'end': '0000', 'day': 2}, {'is_overnight': True, 'start': '0000', 'end': '0000', 'day': 3}, {'is_overnight': True, 'start': '0000', 'end': '0000', 'day': 4}, {'is_overnight': True, 'start': '0000', 'end': '0000', 'day': 5}, {'is_overnight': True, 'start': '0000', 'end': '0000', 'day': 6}], 'hours_type': 'REGULAR', 'is_open_now': True}]","{'business_temp_closed': None, 'menu_url': None, 'open24_hours': None, 'waitlist_reservation': None}",$$
O-G6TGE7Bd6dPDFVQH7OTg,cvs-pharmacy-watertown-8,CVS Pharmacy,https://s3-media1.fl.yelpcdn.com/bphoto/nOwsKijFJnqNh27P182oJw/o.jpg,False,https://www.yelp.com/biz/cvs-pharmacy-watertown-8?adjust_creative=LZkXjIasaeGxsBSkACtcwQ&utm_campaign=yelp_api_v3&utm_medium=api_v3_business_search&utm_source=LZkXjIasaeGxsBSkACtcwQ,1,"[{'alias': 'drugstores', 'title': 'Drugstores'}, {'alias': 'pharmacy', 'title': 'Pharmacy'}, {'alias': 'convenience', 'title': 'Convenience Stores'}]",5.0,"{'latitude': 42.36389134095269, 'longitude': -71.15748236445945}",[],"{'address1': '550 Arsenal St', 'address2': None, 'address3': None, 'city': 'Watertown', 'zip_code': '02472', 'country': 'US', 'state': 'MA', 'display_address': ['550 Arsenal St', 'Watertown, MA 02472']}",+16179245987,(617) 924-5987,5464.946860428639,"[{'open': [{'is_overnight': False, 'start': '0900', 'end': '1900', 'day': 0}, {'is_overnight': False, 'start': '0900', 'end': '1900', 'day': 1}, {'is_overnight': False, 'start': '0900', 'end': '1900', 'day': 2}, {'is_overnight': False, 'start': '0900', 'end': '1900', 'day': 3}, {'is_overnight': False, 'start': '0900', 'end': '1900', 'day': 4}, {'is_overnight': False, 'start': '0900', 'end': '1700', 'day': 5}, {'is_overnight': False, 'start': '1100', 'end': '1700', 'day': 6}], 'hours_type': 'REGULAR', 'is_open_now': True}]","{'business_temp_closed': None, 'menu_url': None, 'open24_hours': None, 'waitlist_reservation': None}",
h5ZP8dP_qrMJNKR0U6Ezug,cvs-pharmacy-dorchester-8,CVS Pharmacy,https://s3-media4.fl.yelpcdn.com/bphoto/FJKOyxcQ56-Lseosgkylyg/o.jpg,False,https://www.yelp.com/biz/cvs-pharmacy-dorchester-8?adjust_creative=LZkXjIasaeGxsBSkACtcwQ&utm_campaign=yelp_api_v3&utm_medium=api_v3_business_search&utm_source=LZkXjIasaeGxsBSkACtcwQ,3,"[{'alias': 'drugstores', 'title': 'Drugstores'}, {'alias': 'convenience', 'title': 'Convenience Stores'}, {'alias': 'pharmacy', 'title': 'Pharmacy'}]",1.0,"{'latitude': 42.2956, 'longitude': -71.0724}",['delivery'],"{'address1': '451 Washington St', 'address2': '', 'address3': None, 'city': 'Dorchester', 'zip_code': '02124', 'country': 'US', 'state': 'MA', 'display_address': ['451 Washington St', 'Dorchester, MA 02124']}",+16177400611,(617) 740-0611,5670.000222067926,"[{'open': [{'is_overnight': False, 'start': '0800', 'end': '2200', 'day': 0}, {'is_overnight': False, 'start': '0800', 'end': '2200', 'day': 1}, {'is_overnight': False, 'start': '0800', 'end': '2200', 'day': 2}, {'is_overnight': False, 'start': '0800', 'end': '2200', 'day': 3}, {'is_overnight': False, 'start': '0800', 'end': '2200', 'day': 4}, {'is_overnight': False, 'start': '0800', 'end': '2200', 'day': 5}, {'is_overnight': False, 'start': '0800', 'end': '2200', 'day': 6}], 'hours_type': 'REGULAR', 'is_open_now': True}]","{'business_temp_closed': None, 'menu_url': None, 'open24_hours': None, 'waitlist_reservation': None}",
O_vgwF7DXv6wwZ9xYP66LQ,cvs-pharmacy-watertown-7,CVS Pharmacy,https://s3-media3.fl.yelpcdn.com/bphoto/3AbbxZdv-c7bNDdo_qAiyg/o.jpg,False,https://www.yelp.com/biz/cvs-pharmacy-watertown-7?adjust_creative=LZkXjIasaeGxsBSkACtcwQ&utm_campaign=yelp_api_v3&utm_medium=api_v3_business_search&utm_source=LZkXjIasaeGxsBSkACtcwQ,11,"[{'alias': 'drugstores', 'title': 'Drugstores'}, {'alias': 'pharmacy', 'title': 'Pharmacy'}, {'alias': 'convenience', 'title': 'Convenience Stores'}]",3.2,"{'latitude': 42.371695, 'longitude': -71.156834}",['delivery'],"{'address1': '655 Mt Auburn St', 'address2': '', 'address3': None, 'city': 'Watertown', 'zip_code': '02472', 'country': 'US', 'state': 'MA', 'display_address': ['655 Mt Auburn St', 'Watertown, MA 02472']}",+16177440842,(617) 744-0842,5839.20884984176,"[{'open': [{'is_overnight': False, 'start': '0700', 'end': '2300', 'day': 0}, {'is_overnight': False, 'start': '0700', 'end': '2300', 'day': 1}, {'is_overnight': False, 'start': '0700', 'end': '2300', 'day': 2}, {'is_overnight': False, 'start': '0700', 'end': '2300', 'day': 3}, {'is_overnight': False, 'start': '0700', 'end': '2300', 'day': 4}, {'is_overnight': False, 'start': '0700', 'end': '2300', 'day': 5}, {'is_overnight': False, 'start': '0700', 'end': '2300', 'day': 6}], 'hours_type': 'REGULAR', 'is_open_now': True}]","{'business_temp_closed': None, 'menu_url': None, 'open24_hours': None, 'waitlist_reservation': None}",
vzHDXFV4TmylVwpS3oXyfQ,cvs-pharmacy-east-boston-2,CVS Pharmacy,https://s3-media4.fl.yelpcdn.com/bphoto/rXCx04-Fkxk0o0q2kBGSvA/o.jpg,False,https://www.yelp.com/biz/cvs-pharmacy-east-boston-2?adjust_creative=LZkXjIasaeGxsBSkACtcwQ&utm_campaign=yelp_api_v3&utm_medium=api_v3_business_search&utm_source=LZkXjIasaeGxsBSkACtcwQ,22,"[{'alias': 'drugstores', 'title': 'Drugstores'}, {'alias': 'pharmacy', 'title': 'Pharmacy'}, {'alias': 'convenience', 'title': 'Convenience Stores'}]",2.5,"{'latitude': 42.375221, 'longitude': -71.040772}",['delivery'],"{'address1': '210 Border St', 'address2': '', 'address3': '', 'city': 'East Boston', 'zip_code': '02128', 'country': 'US', 'state': 'MA', 'display_address': ['210 Border St', 'East Boston, MA 02128']}",+16175675147,(617) 567-5147,5845.579872713986,"[{'open': [{'is_overnight': False, 'start': '1000', 'end': '1400', 'day': 0}, {'is_overnight': False, 'start': '0900', 'end': '1330', 'day': 1}, {'is_overnight': False, 'start': '1400', 'end': '2000', 'day': 1}, {'is_overnight': False, 'start': '0900', 'end': '1330', 'day': 2}, {'is_overnight': False, 'start': '1400', 'end': '2000', 'day': 2}, {'is_overnight': False, 'start': '0900', 'end': '1330', 'day': 3}, {'is_overnight': False, 'start': '1400', 'end': '2000', 'day': 3}, {'is_overnight': False, 'start': '0900', 'end': '1330', 'day': 4}, {'is_overnight': False, 'start': '1400', 'end': '2000', 'day': 4}, {'is_overnight': False, 'start': '0900', 'end': '1330', 'day': 5}, {'is_overnight': False, 'start': '1400', 'end': '1800', 'day': 5}, {'is_overnight': False, 'start': '1000', 'end': '1330', 'day': 6}, {'is_overnight': False, 'start': '1400', 'end': '1800', 'day': 6}], 'hours_type': 'REGULAR', 'is_open_now': False}]","{'business_temp_closed': None, 'menu_url': None, 'open24_hours': None, 'waitlist_reservation': None}",$$
wkLrxeLbk-2S-7Ht880hGw,cvs-pharmacy-chestnut-hill-5,CVS Pharmacy,https://s3-media2.fl.yelpcdn.com/bphoto/ZnGllCLHnmnSveQjZuVe4w/o.jpg,False,https://www.yelp.com/biz/cvs-pharmacy-chestnut-hill-5?adjust_creative=LZkXjIasaeGxsBSkACtcwQ&utm_campaign=yelp_api_v3&utm_medium=api_v3_business_search&utm_source=LZkXjIasaeGxsBSkACtcwQ,26,"[{'alias': 'drugstores', 'title': 'Drugstores'}, {'alias': 'pharmacy', 'title': 'Pharmacy'}, {'alias': 'convenience', 'title': 'Convenience Stores'}]",1.9,"{'latitude': 42.32371, 'longitude': -71.16456}",['delivery'],"{'address1': '1195 Boylston St', 'address2': '', 'address3': '', 'city': 'Chestnut Hill', 'zip_code': '02467', 'country': 'US', 'state': 'MA', 'display_address': ['1195 Boylston St', 'Chestnut Hill, MA 02467']}",+16177315228,(617) 731-5228,5966.265809917189,"[{'open': [{'is_overnight': False, 'start': '0700', 'end': '0000', 'day': 0}, {'is_overnight': False, 'start': '0700', 'end': '0000', 'day': 1}, {'is_overnight': False, 'start': '0700', 'end': '0000', 'day': 2}, {'is_overnight': False, 'start': '0700', 'end': '0000', 'day': 3}, {'is_overnight': False, 'start': '0700', 'end': '0000', 'day': 4}, {'is_overnight': False, 'start': '0700', 'end': '0000', 'day': 5}, {'is_overnight': False, 'start': '0700', 'end': '0000', 'day': 6}], 'hours_type': 'REGULAR', 'is_open_now': True}]","{'business_temp_closed': None, 'menu_url': None, 'open24_hours': None, 'waitlist_reservation': None}",$$
bSDo2cyRogx0SDk6w5fc5Q,cvs-pharmacy-somerville-2,CVS Pharmacy,https://s3-media4.fl.yelpcdn.com/bphoto/_r0M3p8jVAvtRGQS_nKkWQ/o.jpg,False,https://www.yelp.com/biz/cvs-pharmacy-somerville-2?adjust_creative=LZkXjIasaeGxsBSkACtcwQ&utm_campaign=yelp_api_v3&utm_medium=api_v3_business_search&utm_source=LZkXjIasaeGxsBSkACtcwQ,22,"[{'alias': 'drugstores', 'title': 'Drugstores'}, {'alias': 'pharmacy', 'title': 'Pharmacy'}, {'alias': 'convenience', 'title': 'Convenience Stores'}]",2.1,"{'latitude': 42.396911, 'longitude': -71.104335}",['delivery'],"{'address1': '532 Medford St', 'address2': '', 'address3': '', 'city': 'Somerville', 'zip_code': '02145', 'country': 'US', 'state': 'MA', 'display_address': ['532 Medford St', 'Somerville, MA 02145']}",+16176281401,(617) 628-1401,6002.537784050154,"[{'open': [{'is_overnight': False, 'start': '0800', 'end': '2300', 'day': 0}, {'is_overnight': False, 'start': '0800', 'end': '2300', 'day': 1}, {'is_overnight': False, 'start': '0800', 'end': '2300', 'day': 2}, {'is_overnight': False, 'start': '0800', 'end': '2300', 'day': 3}, {'is_overnight': False, 'start': '0800', 'end': '2300', 'day': 4}, {'is_overnight': False, 'start': '0800', 'end': '2300', 'day': 5}, {'is_overnight': False, 'start': '0800', 'end': '2300', 'day': 6}], 'hours_type': 'REGULAR', 'is_open_now': True}]","{'business_temp_closed': None, 'menu_url': None, 'open24_hours': None, 'waitlist_reservation': None}",$$
JQiDF6beCCUeuDfsqaOQpA,cvs-pharmacy-somerville-5,CVS Pharmacy,https://s3-media2.fl.yelpcdn.com/bphoto/wA1_dxnvdBkM9-EDHvJZFA/o.jpg,False,https://www.yelp.com/biz/cvs-pharmacy-somerville-5?adjust_creative=LZkXjIasaeGxsBSkACtcwQ&utm_campaign=yelp_api_v3&utm_medium=api_v3_business_search&utm_source=LZkXjIasaeGxsBSkACtcwQ,81,"[{'alias': 'drugstores', 'title': 'Drugstores'}, {'alias': 'pharmacy', 'title': 'Pharmacy'}, {'alias': 'convenience', 'title': 'Convenience Stores'}]",2.5,"{'latitude': 42.39624534411268, 'longitude': -71.12287894973755}",[],"{'address1': '1 Davis Sq', 'address2': '', 'address3': '', 'city': 'Somerville', 'zip_code': '02144', 'country': 'US', 'state': 'MA', 'display_address': ['1 Davis Sq', 'Somerville, MA 02144']}",+16176294156,(617) 629-4156,6266.248111732829,"[{'open': [{'is_overnight': False, 'start': '0700', 'end': '0000', 'day': 0}, {'is_overnight': False, 'start': '0700', 'end': '0000', 'day': 1}, {'is_overnight': False, 'start': '0700', 'end': '0000', 'day': 2}, {'is_overnight': False, 'start': '0700', 'end': '0000', 'day': 3}, {'is_overnight': False, 'start': '0700', 'end': '0000', 'day': 4}, {'is_overnight': False, 'start': '0700', 'end': '0000', 'day': 5}, {'is_overnight': False, 'start': '0700', 'end': '0000', 'day': 6}], 'hours_type': 'REGULAR', 'is_open_now': True}]","{'business_temp_closed': None, 'menu_url': None, 'open24_hours': None, 'waitlist_reservation': None}",$$
nZxsZfBnQqilHlUIqvz42Q,cvs-pharmacy-dorchester-6,CVS Pharmacy,https://s3-media1.fl.yelpcdn.com/bphoto/9ch0zxU_TxQzJmZgRaUfng/o.jpg,False,https://www.yelp.com/biz/cvs-pharmacy-dorchester-6?adjust_creative=LZkXjIasaeGxsBSkACtcwQ&utm_campaign=yelp_api_v3&utm_medium=api_v3_business_search&utm_source=LZkXjIasaeGxsBSkACtcwQ,30,"[{'alias': 'drugstores', 'title': 'Drugstores'}, {'alias': 'convenience', 'title': 'Convenience Stores'}, {'alias': 'pharmacy', 'title': 'Pharmacy'}]",2.2,"{'latitude': 42.29743, 'longitude': -71.049756}",['delivery'],"{'address1': '715 Morrissey Blvd', 'address2': None, 'address3': '', 'city': 'Dorchester', 'zip_code': '02122', 'country': 'US', 'state': 'MA', 'display_address': ['715 Morrissey Blvd', 'Dorchester, MA 02122']}",+16178221307,(617) 822-1307,6411.886330348452,"[{'open': [{'is_overnight': True, 'start': '0000', 'end': '0000', 'day': 0}, {'is_overnight': True, 'start': '0000', 'end': '0000', 'day': 1}, {'is_overnight': True, 'start': '0000', 'end': '0000', 'day': 2}, {'is_overnight': True, 'start': '0000', 'end': '0000', 'day': 3}, {'is_overnight': True, 'start': '0000', 'end': '0000', 'day': 4}, {'is_overnight': True, 'start': '0000', 'end': '0000', 'day': 5}, {'is_overnight': True, 'start': '0000', 'end': '0000', 'day': 6}], 'hours_type': 'REGULAR', 'is_open_now': True}]","{'business_temp_closed': None, 'menu_url': None, 'open24_hours': None, 'waitlist_reservation': None}",$$
