id,alias,name,image_url,is_closed,url,review_count,categories,rating,coordinates,transactions,price,location,phone,display_phone,distance,business_hours,attributes
u51e3gychuqBYNqe2xG6_w,lolita-cocina-and-tequila-bar-boston-4,Lolita Cocina & Tequila Bar,https://s3-media2.fl.yelpcdn.com/bphoto/tNXiny9PvaOD3q2kPD6mFg/o.jpg,False,https://www.yelp.com/biz/lolita-cocina-and-tequila-bar-boston-4?adjust_creative=LZkXjIasaeGxsBSkACtcwQ&utm_campaign=yelp_api_v3&utm_medium=api_v3_business_search&utm_source=LZkXjIasaeGxsBSkACtcwQ,2583,"[{'alias': 'mexican', 'title': 'Mexican'}, {'alias': 'lounges', 'title': 'Lounges'}, {'alias': 'cocktailbars', 'title': 'Cocktail Bars'}]",4.0,"{'latitude': 42.35069, 'longitude': -71.07736}",['delivery'],$$,"{'address1': '271 Dartmouth St', 'address2': None, 'address3': '', 'city': 'Boston', 'zip_code': '02116', 'country': 'US', 'state': 'MA', 'display_address': ['271 Dartmouth St', 'Boston, MA 02116']}",+16173690931,(617) 369-0931,587.0895266098273,"[{'open': [{'is_overnight': True, 'start': '1130', 'end': '0100', 'day': 0}, {'is_overnight': True, 'start': '1130', 'end': '0100', 'day': 1}, {'is_overnight': True, 'start': '1130', 'end': '0100', 'day': 2}, {'is_overnight': True, 'start': '1130', 'end': '0100', 'day': 3}, {'is_overnight': True, 'start': '1130', 'end': '0200', 'day': 4}, {'is_overnight': True, 'start': '1100', 'end': '0200', 'day': 5}, {'is_overnight': True, 'start': '1100', 'end': '0100', 'day': 6}], 'hours_type': 'REGULAR', 'is_open_now': True}]","{'business_temp_closed': None, 'menu_url': 'https://www.lolitamexican.com/menus/', 'open24_hours': None, 'waitlist_reservation': None}"
jIxhHWqxKd5ZWBIEmsFxWQ,citrus-and-salt-boston,Citrus & Salt,https://s3-media2.fl.yelpcdn.com/bphoto/EIvNoAmkpKyPviIpflYSAg/o.jpg,False,https://www.yelp.com/biz/citrus-and-salt-boston?adjust_creative=LZkXjIasaeGxsBSkACtcwQ&utm_campaign=yelp_api_v3&utm_medium=api_v3_business_search&utm_source=LZkXjIasaeGxsBSkACtcwQ,979,"[{'alias': 'cocktailbars', 'title': 'Cocktail Bars'}, {'alias': 'mexican', 'title': 'Mexican'}]",3.9,"{'latitude': 42.3488895, 'longitude': -71.0488567}","['pickup', 'delivery']",$$,"{'address1': '319 A St', 'address2': '', 'address3': None, 'city': 'Boston', 'zip_code': '02210', 'country': 'US', 'state': 'MA', 'display_address': ['319 A St', 'Boston, MA 02210']}",+16174246711,(617) 424-6711,1843.4137808082844,"[{'open': [{'is_overnight': False, 'start': '1700', 'end': '2300', 'day': 0}, {'is_overnight': False, 'start': '1700', 'end': '2300', 'day': 1}, {'is_overnight': False, 'start': '1700', 'end': '2300', 'day': 2}, {'is_overnight': False, 'start': '1200', 'end': '0000', 'day': 3}, {'is_overnight': False, 'start': '1200', 'end': '0000', 'day': 4}, {'is_overnight': False, 'start': '1030', 'end': '1545', 'day': 5}, {'is_overnight': False, 'start': '1700', 'end': '0000', 'day': 5}, {'is_overnight': False, 'start': '1030', 'end': '1545', 'day': 6}, {'is_overnight': False, 'start': '1700', 'end': '2300', 'day': 6}], 'hours_type': 'REGULAR', 'is_open_now': False}]","{'business_temp_closed': None, 'menu_url': 'https://www.citrusandsaltboston.com/menus/', 'open24_hours': None, 'waitlist_reservation': None}"
4lMpwHFzxmirHqLSsj8BjQ,cósmica-boston-3,Cósmica,https://s3-media2.fl.yelpcdn.com/bphoto/H8UeMHaaomGilO2nzpxJ1w/o.jpg,False,https://www.yelp.com/biz/c%C3%B3smica-boston-3?adjust_creative=LZkXjIasaeGxsBSkACtcwQ&utm_campaign=yelp_api_v3&utm_medium=api_v3_business_search&utm_source=LZkXjIasaeGxsBSkACtcwQ,161,"[{'alias': 'mexican', 'title': 'Mexican'}, {'alias': 'cocktailbars', 'title': 'Cocktail Bars'}]",3.8,"{'latitude': 42.34594, 'longitude': -71.07087}","['pickup', 'delivery']",$$,"{'address1': '40 Berkeley St', 'address2': None, 'address3': '', 'city': 'Boston', 'zip_code': '02116', 'country': 'US', 'state': 'MA', 'display_address': ['40 Berkeley St', 'Boston, MA 02116']}",+16173137878,(617) 313-7878,216.71351188254357,"[{'open': [{'is_overnight': False, 'start': '1700', 'end': '2300', 'day': 0}, {'is_overnight': False, 'start': '1700', 'end': '2300', 'day': 1}, {'is_overnight': False, 'start': '1700', 'end': '2300', 'day': 2}, {'is_overnight': False, 'start': '1700', 'end': '2300', 'day': 3}, {'is_overnight': True, 'start': '1700', 'end': '0100', 'day': 4}, {'is_overnight': True, 'start': '1600', 'end': '0100', 'day': 5}, {'is_overnight': False, 'start': '1030', 'end': '1500', 'day': 6}], 'hours_type': 'REGULAR', 'is_open_now': False}]","{'business_temp_closed': None, 'menu_url': 'https://www.cosmicaboston.com/menu', 'open24_hours': None, 'waitlist_reservation': None}"
MUup2lqjjX8JYvYjFCAAeA,bartaco-seaport-boston-2,bartaco Seaport,https://s3-media3.fl.yelpcdn.com/bphoto/aPgphfnQ4R__TbvXK8kmeA/o.jpg,False,https://www.yelp.com/biz/bartaco-seaport-boston-2?adjust_creative=LZkXjIasaeGxsBSkACtcwQ&utm_campaign=yelp_api_v3&utm_medium=api_v3_business_search&utm_source=LZkXjIasaeGxsBSkACtcwQ,803,"[{'alias': 'tacos', 'title': 'Tacos'}]",4.0,"{'latitude': 42.350966887607285, 'longitude': -71.04755891814392}","['pickup', 'delivery']",$$,"{'address1': '25 Thomson Pl', 'address2': None, 'address3': '', 'city': 'Boston', 'zip_code': '02210', 'country': 'US', 'state': 'MA', 'display_address': ['25 Thomson Pl', 'Boston, MA 02210']}",+16178198226,(617) 819-8226,1977.1264288898888,"[{'open': [{'is_overnight': False, 'start': '1100', 'end': '2300', 'day': 0}, {'is_overnight': False, 'start': '1100', 'end': '2300', 'day': 1}, {'is_overnight': False, 'start': '1100', 'end': '2300', 'day': 2}, {'is_overnight': False, 'start': '1100', 'end': '2300', 'day': 3}, {'is_overnight': False, 'start': '1100', 'end': '2300', 'day': 4}, {'is_overnight': False, 'start': '1100', 'end': '2300', 'day': 5}, {'is_overnight': False, 'start': '1100', 'end': '2200', 'day': 6}], 'hours_type': 'REGULAR', 'is_open_now': True}]","{'business_temp_closed': None, 'menu_url': None, 'open24_hours': None, 'waitlist_reservation': None}"
Dnz4WY-jzNY0-xoq2KfF1A,mestizo-modern-mexican-cambridge,Mestizo Modern Mexican,https://s3-media4.fl.yelpcdn.com/bphoto/a2ejjD_9B_WLd56DydA4bg/o.jpg,False,https://www.yelp.com/biz/mestizo-modern-mexican-cambridge?adjust_creative=LZkXjIasaeGxsBSkACtcwQ&utm_campaign=yelp_api_v3&utm_medium=api_v3_business_search&utm_source=LZkXjIasaeGxsBSkACtcwQ,10,"[{'alias': 'mexican', 'title': 'Mexican'}, {'alias': 'newmexican', 'title': 'New Mexican Cuisine'}, {'alias': 'latin', 'title': 'Latin American'}]",4.0,"{'latitude': 42.36277, 'longitude': -71.08333}",[],,"{'address1': '10 Broad Canal Way', 'address2': '', 'address3': None, 'city': 'Cambridge', 'zip_code': '02142', 'country': 'US', 'state': 'MA', 'display_address': ['10 Broad Canal Way', 'Cambridge, MA 02142']}",+19178066393,(917) 806-6393,2132.8966167783215,"[{'open': [{'is_overnight': False, 'start': '1100', 'end': '2300', 'day': 0}, {'is_overnight': False, 'start': '1100', 'end': '2300', 'day': 1}, {'is_overnight': False, 'start': '1100', 'end': '2300', 'day': 2}, {'is_overnight': False, 'start': '1100', 'end': '2300', 'day': 3}, {'is_overnight': False, 'start': '1100', 'end': '2300', 'day': 4}, {'is_overnight': False, 'start': '1100', 'end': '2300', 'day': 5}, {'is_overnight': False, 'start': '1100', 'end': '2300', 'day': 6}], 'hours_type': 'REGULAR', 'is_open_now': True}]","{'business_temp_closed': None, 'menu_url': None, 'open24_hours': None, 'waitlist_reservation': True}"
hxooxdcoChKyuYjGwcs5mw,sabina-mezcaleria-boston,Sabina Mezcaleria,https://s3-media2.fl.yelpcdn.com/bphoto/6Yqd1mtSGDUj8nEJZ0oghw/o.jpg,False,https://www.yelp.com/biz/sabina-mezcaleria-boston?adjust_creative=LZkXjIasaeGxsBSkACtcwQ&utm_campaign=yelp_api_v3&utm_medium=api_v3_business_search&utm_source=LZkXjIasaeGxsBSkACtcwQ,22,"[{'alias': 'cocktailbars', 'title': 'Cocktail Bars'}, {'alias': 'mexican', 'title': 'Mexican'}, {'alias': 'tapas', 'title': 'Tapas Bars'}]",4.1,"{'latitude': 42.349707729422406, 'longitude': -71.0829487}",[],,"{'address1': '253 Newbury St', 'address2': '', 'address3': None, 'city': 'Boston', 'zip_code': '02116', 'country': 'US', 'state': 'MA', 'display_address': ['253 Newbury St', 'Boston, MA 02116']}",+18574496023,(857) 449-6023,984.0678397944743,"[{'open': [{'is_overnight': False, 'start': '1700', 'end': '2300', 'day': 1}, {'is_overnight': False, 'start': '1700', 'end': '2300', 'day': 2}, {'is_overnight': False, 'start': '1700', 'end': '2300', 'day': 3}, {'is_overnight': True, 'start': '1700', 'end': '0100', 'day': 4}, {'is_overnight': True, 'start': '1100', 'end': '0100', 'day': 5}, {'is_overnight': False, 'start': '1100', 'end': '2300', 'day': 6}], 'hours_type': 'REGULAR', 'is_open_now': False}]","{'business_temp_closed': None, 'menu_url': 'https://sabinamezcaleria.com/menu/', 'open24_hours': None, 'waitlist_reservation': None}"
Zg90qJF9EvASbqEARi3bZA,marias-taqueria-boston,Maria's Taqueria,https://s3-media1.fl.yelpcdn.com/bphoto/jGBGK1Z5-5KZChXGxGYeww/o.jpg,False,https://www.yelp.com/biz/marias-taqueria-boston?adjust_creative=LZkXjIasaeGxsBSkACtcwQ&utm_campaign=yelp_api_v3&utm_medium=api_v3_business_search&utm_source=LZkXjIasaeGxsBSkACtcwQ,380,"[{'alias': 'mexican', 'title': 'Mexican'}]",4.1,"{'latitude': 42.35139, 'longitude': -71.06457}","['pickup', 'delivery']",$,"{'address1': '226 Tremont St', 'address2': '', 'address3': '', 'city': 'Boston', 'zip_code': '02116', 'country': 'US', 'state': 'MA', 'display_address': ['226 Tremont St', 'Boston, MA 02116']}",+16173577399,(617) 357-7399,675.2486078751252,"[{'open': [{'is_overnight': False, 'start': '1200', 'end': '2300', 'day': 0}, {'is_overnight': False, 'start': '1200', 'end': '2300', 'day': 1}, {'is_overnight': False, 'start': '1100', 'end': '2300', 'day': 2}, {'is_overnight': False, 'start': '1100', 'end': '2300', 'day': 3}, {'is_overnight': True, 'start': '1100', 'end': '0100', 'day': 4}, {'is_overnight': True, 'start': '1200', 'end': '0100', 'day': 5}, {'is_overnight': True, 'start': '1200', 'end': '0100', 'day': 6}], 'hours_type': 'REGULAR', 'is_open_now': True}]","{'business_temp_closed': None, 'menu_url': 'https://mariastaqueriaboston.com/menu.html', 'open24_hours': None, 'waitlist_reservation': None}"
bc3uy1_AcDrEDCjYhTtixQ,mamacita-mexican-comida-boston,Mamacita Mexican Comida,https://s3-media2.fl.yelpcdn.com/bphoto/x7PlD8GcpKj7qGjqq4bHNA/o.jpg,False,https://www.yelp.com/biz/mamacita-mexican-comida-boston?adjust_creative=LZkXjIasaeGxsBSkACtcwQ&utm_campaign=yelp_api_v3&utm_medium=api_v3_business_search&utm_source=LZkXjIasaeGxsBSkACtcwQ,42,"[{'alias': 'mexican', 'title': 'Mexican'}]",4.4,"{'latitude': 42.34093, 'longitude': -71.08819}","['pickup', 'delivery']",,"{'address1': '329 Huntington Ave', 'address2': None, 'address3': '', 'city': 'Boston', 'zip_code': '02115', 'country': 'US', 'state': 'MA', 'display_address': ['329 Huntington Ave', 'Boston, MA 02115']}",+18572332508,(857) 233-2508,1592.618026528277,"[{'open': [{'is_overnight': False, 'start': '1100', 'end': '2300', 'day': 0}, {'is_overnight': False, 'start': '1100', 'end': '2300', 'day': 1}, {'is_overnight': False, 'start': '1100', 'end': '2300', 'day': 2}, {'is_overnight': False, 'start': '1100', 'end': '2300', 'day': 3}, {'is_overnight': False, 'start': '1100', 'end': '2300', 'day': 4}, {'is_overnight': False, 'start': '1100', 'end': '2300', 'day': 5}, {'is_overnight': False, 'start': '1100', 'end': '2300', 'day': 6}], 'hours_type': 'REGULAR', 'is_open_now': True}]","{'business_temp_closed': None, 'menu_url': None, 'open24_hours': None, 'waitlist_reservation': None}"
xVxjzyMqghCYwVe_dwJzJw,loco-taqueria-and-oyster-bar-boston,Loco Taqueria & Oyster Bar,https://s3-media4.fl.yelpcdn.com/bphoto/0bsxNQvegleRQkblARyBLA/o.jpg,False,https://www.yelp.com/biz/loco-taqueria-and-oyster-bar-boston?adjust_creative=LZkXjIasaeGxsBSkACtcwQ&utm_campaign=yelp_api_v3&utm_medium=api_v3_business_search&utm_source=LZkXjIasaeGxsBSkACtcwQ,802,"[{'alias': 'cocktailbars', 'title': 'Cocktail Bars'}, {'alias': 'seafood', 'title': 'Seafood'}, {'alias': 'tacos', 'title': 'Tacos'}]",4.0,"{'latitude': 42.3369670759542, 'longitude': -71.0477377406966}",['delivery'],$$,"{'address1': '412 W Broadway', 'address2': '', 'address3': '', 'city': 'Boston', 'zip_code': '02127', 'country': 'US', 'state': 'MA', 'display_address': ['412 W Broadway', 'Boston, MA 02127']}",+16179175626,(617) 917-5626,2279.095993596969,"[{'open': [{'is_overnight': True, 'start': '1100', 'end': '0100', 'day': 0}, {'is_overnight': True, 'start': '1100', 'end': '0100', 'day': 1}, {'is_overnight': True, 'start': '1100', 'end': '0100', 'day': 2}, {'is_overnight': True, 'start': '1100', 'end': '0100', 'day': 3}, {'is_overnight': True, 'start': '1100', 'end': '0100', 'day': 4}, {'is_overnight': True, 'start': '1000', 'end': '0100', 'day': 5}, {'is_overnight': True, 'start': '1000', 'end': '0100', 'day': 6}], 'hours_type': 'REGULAR', 'is_open_now': True}]","{'business_temp_closed': None, 'menu_url': None, 'open24_hours': None, 'waitlist_reservation': None}"
qenuGP8CsQpFvQKIra4IJw,el-jefes-taqueria-boston,El Jefe's Taqueria,https://s3-media3.fl.yelpcdn.com/bphoto/8sFZE_pTwisXVnutxaO_gw/o.jpg,False,https://www.yelp.com/biz/el-jefes-taqueria-boston?adjust_creative=LZkXjIasaeGxsBSkACtcwQ&utm_campaign=yelp_api_v3&utm_medium=api_v3_business_search&utm_source=LZkXjIasaeGxsBSkACtcwQ,125,"[{'alias': 'tacos', 'title': 'Tacos'}]",4.0,"{'latitude': 42.35223, 'longitude': -71.06491}","['pickup', 'delivery']",,"{'address1': '80 Boylston St', 'address2': '', 'address3': None, 'city': 'Boston', 'zip_code': '02116', 'country': 'US', 'state': 'MA', 'display_address': ['80 Boylston St', 'Boston, MA 02116']}",+16179363610,(617) 936-3610,711.6573090267757,"[{'open': [{'is_overnight': True, 'start': '0800', 'end': '0200', 'day': 0}, {'is_overnight': True, 'start': '0800', 'end': '0200', 'day': 1}, {'is_overnight': True, 'start': '0800', 'end': '0200', 'day': 2}, {'is_overnight': True, 'start': '0800', 'end': '0200', 'day': 3}, {'is_overnight': True, 'start': '0800', 'end': '0200', 'day': 4}, {'is_overnight': True, 'start': '0800', 'end': '0200', 'day': 5}, {'is_overnight': True, 'start': '0800', 'end': '0200', 'day': 6}], 'hours_type': 'REGULAR', 'is_open_now': True}]","{'business_temp_closed': None, 'menu_url': None, 'open24_hours': None, 'waitlist_reservation': None}"
356f-TbYJYN-shut-F1r_w,chilacates-mexican-street-food-boston-3,Chilacates Mexican Street Food,https://s3-media3.fl.yelpcdn.com/bphoto/cDMoNiOJnG1Orkfbox7Jmg/o.jpg,False,https://www.yelp.com/biz/chilacates-mexican-street-food-boston-3?adjust_creative=LZkXjIasaeGxsBSkACtcwQ&utm_campaign=yelp_api_v3&utm_medium=api_v3_business_search&utm_source=LZkXjIasaeGxsBSkACtcwQ,110,"[{'alias': 'mexican', 'title': 'Mexican'}, {'alias': 'streetvendors', 'title': 'Street Vendors'}]",4.1,"{'latitude': 42.34305067227097, 'longitude': -71.0694272}","['pickup', 'delivery']",$$,"{'address1': '275 Shawmut Ave', 'address2': None, 'address3': '', 'city': 'Boston', 'zip_code': '02118', 'country': 'US', 'state': 'MA', 'display_address': ['275 Shawmut Ave', 'Boston, MA 02118']}",+18573503292,(857) 350-3292,553.2493632668975,"[{'open': [{'is_overnight': False, 'start': '1100', 'end': '2200', 'day': 0}, {'is_overnight': False, 'start': '1100', 'end': '2200', 'day': 1}, {'is_overnight': False, 'start': '1100', 'end': '2200', 'day': 2}, {'is_overnight': False, 'start': '1100', 'end': '2200', 'day': 3}, {'is_overnight': False, 'start': '1100', 'end': '2300', 'day': 4}, {'is_overnight': False, 'start': '1100', 'end': '2300', 'day': 5}, {'is_overnight': False, 'start': '1100', 'end': '2200', 'day': 6}], 'hours_type': 'REGULAR', 'is_open_now': True}]","{'business_temp_closed': None, 'menu_url': None, 'open24_hours': None, 'waitlist_reservation': None}"
r36vip-S5VSvZ1VPBH00JQ,lolita-cocina-and-tequila-bar-fort-point-boston-4,Lolita Cocina & Tequila Bar Fort Point,https://s3-media3.fl.yelpcdn.com/bphoto/YsW-GwAF283KeyzzLMkNmA/o.jpg,False,https://www.yelp.com/biz/lolita-cocina-and-tequila-bar-fort-point-boston-4?adjust_creative=LZkXjIasaeGxsBSkACtcwQ&utm_campaign=yelp_api_v3&utm_medium=api_v3_business_search&utm_source=LZkXjIasaeGxsBSkACtcwQ,979,"[{'alias': 'mexican', 'title': 'Mexican'}]",3.7,"{'latitude': 42.3501, 'longitude': -71.051266}","['pickup', 'delivery']",$$,"{'address1': '253 Summer St', 'address2': '', 'address3': None, 'city': 'Boston', 'zip_code': '02210', 'country': 'US', 'state': 'MA', 'display_address': ['253 Summer St', 'Boston, MA 02210']}",+16173690931,(617) 369-0931,1667.0102516228267,"[{'open': [{'is_overnight': True, 'start': '1130', 'end': '0100', 'day': 0}, {'is_overnight': True, 'start': '1130', 'end': '0100', 'day': 1}, {'is_overnight': True, 'start': '1130', 'end': '0100', 'day': 2}, {'is_overnight': True, 'start': '1130', 'end': '0100', 'day': 3}, {'is_overnight': True, 'start': '1130', 'end': '0200', 'day': 4}, {'is_overnight': True, 'start': '1100', 'end': '0200', 'day': 5}, {'is_overnight': True, 'start': '1100', 'end': '0100', 'day': 6}], 'hours_type': 'REGULAR', 'is_open_now': True}]","{'business_temp_closed': None, 'menu_url': 'https://www.lolitamexican.com/menu/fort-point/', 'open24_hours': None, 'waitlist_reservation': None}"
RhFZ1x65h_N7hcytq2o6DA,tulum-mexican-cuisine-somerville,Tulum Mexican Cuisine,https://s3-media2.fl.yelpcdn.com/bphoto/bl9V2AdtAPSe2a5BHlTbOQ/o.jpg,False,https://www.yelp.com/biz/tulum-mexican-cuisine-somerville?adjust_creative=LZkXjIasaeGxsBSkACtcwQ&utm_campaign=yelp_api_v3&utm_medium=api_v3_business_search&utm_source=LZkXjIasaeGxsBSkACtcwQ,56,"[{'alias': 'tapasmallplates', 'title': 'Tapas/Small Plates'}, {'alias': 'mexican', 'title': 'Mexican'}]",4.5,"{'latitude': 42.38232, 'longitude': -71.08122}","['pickup', 'delivery']",,"{'address1': '3 Washington St', 'address2': None, 'address3': '', 'city': 'Somerville', 'zip_code': '02143', 'country': 'US', 'state': 'MA', 'display_address': ['3 Washington St', 'Somerville, MA 02143']}",+16177641608,(617) 764-1608,3920.3452752776957,"[{'open': [{'is_overnight': False, 'start': '1600', 'end': '2130', 'day': 0}, {'is_overnight': False, 'start': '1600', 'end': '2130', 'day': 1}, {'is_overnight': False, 'start': '1600', 'end': '2130', 'day': 2}, {'is_overnight': False, 'start': '1600', 'end': '2130', 'day': 3}, {'is_overnight': False, 'start': '1300', 'end': '2300', 'day': 4}, {'is_overnight': False, 'start': '1200', 'end': '2300', 'day': 5}, {'is_overnight': False, 'start': '1200', 'end': '2130', 'day': 6}], 'hours_type': 'REGULAR', 'is_open_now': False}]","{'business_temp_closed': None, 'menu_url': 'https://tulumsomerville.com/menus', 'open24_hours': None, 'waitlist_reservation': True}"
Z3-r4EEXnL82TF27wdzSyw,yellow-door-taqueria-south-end-boston,Yellow Door Taqueria - South End,https://s3-media2.fl.yelpcdn.com/bphoto/4UjXr_omze4PkcB-YIqDQA/o.jpg,False,https://www.yelp.com/biz/yellow-door-taqueria-south-end-boston?adjust_creative=LZkXjIasaeGxsBSkACtcwQ&utm_campaign=yelp_api_v3&utm_medium=api_v3_business_search&utm_source=LZkXjIasaeGxsBSkACtcwQ,152,"[{'alias': 'mexican', 'title': 'Mexican'}, {'alias': 'bars', 'title': 'Bars'}]",3.6,"{'latitude': 42.34491281124095, 'longitude': -71.06352141882115}",['delivery'],$$,"{'address1': '354 Harrison Ave', 'address2': '', 'address3': None, 'city': 'Boston', 'zip_code': '02118', 'country': 'US', 'state': 'MA', 'display_address': ['354 Harrison Ave', 'Boston, MA 02118']}",+18572399276,(857) 239-9276,713.2921706911503,"[{'open': [{'is_overnight': False, 'start': '1600', 'end': '2300', 'day': 0}, {'is_overnight': False, 'start': '1600', 'end': '2300', 'day': 1}, {'is_overnight': False, 'start': '1600', 'end': '2300', 'day': 2}, {'is_overnight': False, 'start': '1600', 'end': '0000', 'day': 3}, {'is_overnight': False, 'start': '1600', 'end': '0000', 'day': 4}, {'is_overnight': False, 'start': '1100', 'end': '0000', 'day': 5}, {'is_overnight': False, 'start': '1100', 'end': '2300', 'day': 6}], 'hours_type': 'REGULAR', 'is_open_now': False}]","{'business_temp_closed': None, 'menu_url': 'https://www.yellowdoortaqueria.com/southendjune', 'open24_hours': None, 'waitlist_reservation': None}"
Ar9KOSP_KilAxZREWthh9A,bartaco-boston,Bartaco,https://s3-media2.fl.yelpcdn.com/bphoto/30HVPkWeYx9goKwMiqpjZQ/o.jpg,False,https://www.yelp.com/biz/bartaco-boston?adjust_creative=LZkXjIasaeGxsBSkACtcwQ&utm_campaign=yelp_api_v3&utm_medium=api_v3_business_search&utm_source=LZkXjIasaeGxsBSkACtcwQ,19,"[{'alias': 'tacos', 'title': 'Tacos'}, {'alias': 'cocktailbars', 'title': 'Cocktail Bars'}]",3.9,"{'latitude': 42.34472590356805, 'longitude': -71.1000983}","['pickup', 'delivery']",,"{'address1': '100 Van Ness St', 'address2': 'Ste 106', 'address3': '', 'city': 'Boston', 'zip_code': '02215', 'country': 'US', 'state': 'MA', 'display_address': ['100 Van Ness St', 'Ste 106', 'Boston, MA 02215']}",+16179158226,(617) 915-8226,2396.5569495396117,"[{'open': [{'is_overnight': False, 'start': '1100', 'end': '2300', 'day': 0}, {'is_overnight': False, 'start': '1100', 'end': '2300', 'day': 1}, {'is_overnight': False, 'start': '1100', 'end': '2300', 'day': 2}, {'is_overnight': False, 'start': '1100', 'end': '2300', 'day': 3}, {'is_overnight': False, 'start': '1100', 'end': '0000', 'day': 4}, {'is_overnight': False, 'start': '1100', 'end': '0000', 'day': 5}, {'is_overnight': False, 'start': '1100', 'end': '2200', 'day': 6}], 'hours_type': 'REGULAR', 'is_open_now': True}]","{'business_temp_closed': None, 'menu_url': None, 'open24_hours': None, 'waitlist_reservation': None}"
J7yLxR5NqFA-6MbOKqIiHg,yellow-door-taqueria-boston-3,Yellow Door Taqueria,https://s3-media1.fl.yelpcdn.com/bphoto/FTt2r7-2gQxoF80InOIgog/o.jpg,False,https://www.yelp.com/biz/yellow-door-taqueria-boston-3?adjust_creative=LZkXjIasaeGxsBSkACtcwQ&utm_campaign=yelp_api_v3&utm_medium=api_v3_business_search&utm_source=LZkXjIasaeGxsBSkACtcwQ,42,"[{'alias': 'mexican', 'title': 'Mexican'}, {'alias': 'breakfast_brunch', 'title': 'Breakfast & Brunch'}]",4.1,"{'latitude': 42.333849, 'longitude': -71.103372}","['pickup', 'delivery']",,"{'address1': '1619 Tremont St', 'address2': '', 'address3': None, 'city': 'Boston', 'zip_code': '02120', 'country': 'US', 'state': 'MA', 'display_address': ['1619 Tremont St', 'Boston, MA 02120']}",+16175056350,(617) 505-6350,3066.3115135656612,"[{'open': [{'is_overnight': False, 'start': '1100', 'end': '2300', 'day': 0}, {'is_overnight': False, 'start': '1600', 'end': '2300', 'day': 1}, {'is_overnight': False, 'start': '1600', 'end': '2300', 'day': 2}, {'is_overnight': False, 'start': '1600', 'end': '0000', 'day': 3}, {'is_overnight': False, 'start': '1600', 'end': '0000', 'day': 4}, {'is_overnight': False, 'start': '1100', 'end': '0000', 'day': 5}, {'is_overnight': False, 'start': '1100', 'end': '2300', 'day': 6}], 'hours_type': 'REGULAR', 'is_open_now': True}]","{'business_temp_closed': None, 'menu_url': None, 'open24_hours': None, 'waitlist_reservation': None}"
mzeUf40nQ-KEJPqgQmPV8w,alma-cantina-boston,Alma Cantina,https://s3-media4.fl.yelpcdn.com/bphoto/Xc0-UGRS0bOllHl-e__WYg/o.jpg,False,https://www.yelp.com/biz/alma-cantina-boston?adjust_creative=LZkXjIasaeGxsBSkACtcwQ&utm_campaign=yelp_api_v3&utm_medium=api_v3_business_search&utm_source=LZkXjIasaeGxsBSkACtcwQ,113,"[{'alias': 'bars', 'title': 'Bars'}, {'alias': 'tacos', 'title': 'Tacos'}]",4.0,"{'latitude': 42.36081891915278, 'longitude': -71.0567772077859}",[],$$,"{'address1': '15 Union St', 'address2': '', 'address3': None, 'city': 'Boston', 'zip_code': '02108', 'country': 'US', 'state': 'MA', 'display_address': ['15 Union St', 'Boston, MA 02108']}",+18572398764,(857) 239-8764,1869.5659425793874,"[{'open': [{'is_overnight': True, 'start': '1100', 'end': '0200', 'day': 0}, {'is_overnight': True, 'start': '1100', 'end': '0200', 'day': 1}, {'is_overnight': True, 'start': '1100', 'end': '0200', 'day': 2}, {'is_overnight': True, 'start': '1100', 'end': '0200', 'day': 3}, {'is_overnight': True, 'start': '1100', 'end': '0200', 'day': 4}, {'is_overnight': True, 'start': '1100', 'end': '0200', 'day': 5}, {'is_overnight': True, 'start': '1100', 'end': '0200', 'day': 6}], 'hours_type': 'REGULAR', 'is_open_now': True}]","{'business_temp_closed': None, 'menu_url': 'https://www.alma-cantina.com/menus/', 'open24_hours': None, 'waitlist_reservation': None}"
HL7Kfo9S3eKgJJAEVQ2rbw,burro-bar-south-end-boston-2,Burro Bar South End,https://s3-media4.fl.yelpcdn.com/bphoto/f3tFUKV0m8xdAEO5Idd5jg/o.jpg,False,https://www.yelp.com/biz/burro-bar-south-end-boston-2?adjust_creative=LZkXjIasaeGxsBSkACtcwQ&utm_campaign=yelp_api_v3&utm_medium=api_v3_business_search&utm_source=LZkXjIasaeGxsBSkACtcwQ,265,"[{'alias': 'mexican', 'title': 'Mexican'}, {'alias': 'cocktailbars', 'title': 'Cocktail Bars'}, {'alias': 'latin', 'title': 'Latin American'}]",3.9,"{'latitude': 42.34157697918738, 'longitude': -71.06931133147431}","['pickup', 'delivery']",$$,"{'address1': '1357 Washington St', 'address2': None, 'address3': '', 'city': 'Boston', 'zip_code': '02118', 'country': 'US', 'state': 'MA', 'display_address': ['1357 Washington St', 'Boston, MA 02118']}",+16174269300,(617) 426-9300,714.469743038867,"[{'open': [{'is_overnight': False, 'start': '1700', 'end': '2200', 'day': 0}, {'is_overnight': False, 'start': '1700', 'end': '2200', 'day': 1}, {'is_overnight': False, 'start': '1700', 'end': '2200', 'day': 2}, {'is_overnight': False, 'start': '1700', 'end': '2200', 'day': 3}, {'is_overnight': True, 'start': '1700', 'end': '0100', 'day': 4}, {'is_overnight': True, 'start': '1000', 'end': '0100', 'day': 5}, {'is_overnight': False, 'start': '1000', 'end': '2100', 'day': 6}], 'hours_type': 'REGULAR', 'is_open_now': False}]","{'business_temp_closed': None, 'menu_url': 'https://www.burrobarboston.com/location/burro-bar-south-end/', 'open24_hours': None, 'waitlist_reservation': None}"
AAZFsMBLNgNg58eA06bFJA,sombrero-chiquito-boston-2,Sombrero Chiquito,https://s3-media4.fl.yelpcdn.com/bphoto/jnZs931sWErY69_7b2Mmww/o.jpg,False,https://www.yelp.com/biz/sombrero-chiquito-boston-2?adjust_creative=LZkXjIasaeGxsBSkACtcwQ&utm_campaign=yelp_api_v3&utm_medium=api_v3_business_search&utm_source=LZkXjIasaeGxsBSkACtcwQ,56,"[{'alias': 'mexican', 'title': 'Mexican'}]",4.5,"{'latitude': 42.345257, 'longitude': -71.087092}","['pickup', 'delivery']",,"{'address1': '197 Mass Ave Boston 02115', 'address2': None, 'address3': '', 'city': 'Boston', 'zip_code': '02115', 'country': 'US', 'state': 'MA', 'display_address': ['197 Mass Ave Boston 02115', 'Boston, MA 02115']}",+18572653254,(857) 265-3254,1334.6943192482936,"[{'open': [{'is_overnight': False, 'start': '1100', 'end': '2200', 'day': 0}, {'is_overnight': False, 'start': '1100', 'end': '2200', 'day': 1}, {'is_overnight': False, 'start': '1100', 'end': '2200', 'day': 2}, {'is_overnight': False, 'start': '1100', 'end': '2200', 'day': 3}, {'is_overnight': False, 'start': '1100', 'end': '2300', 'day': 4}, {'is_overnight': False, 'start': '1100', 'end': '2300', 'day': 5}, {'is_overnight': False, 'start': '1100', 'end': '2200', 'day': 6}], 'hours_type': 'REGULAR', 'is_open_now': True}]","{'business_temp_closed': None, 'menu_url': None, 'open24_hours': None, 'waitlist_reservation': None}"
N5oOWAPplLV0lgIfSulCmA,para-maria-boston,Para Maria,https://s3-media3.fl.yelpcdn.com/bphoto/zOcJwbNpySKwaGRJTWDPpw/o.jpg,False,https://www.yelp.com/biz/para-maria-boston?adjust_creative=LZkXjIasaeGxsBSkACtcwQ&utm_campaign=yelp_api_v3&utm_medium=api_v3_business_search&utm_source=LZkXjIasaeGxsBSkACtcwQ,53,"[{'alias': 'wine_bars', 'title': 'Wine Bars'}, {'alias': 'mexican', 'title': 'Mexican'}, {'alias': 'cocktailbars', 'title': 'Cocktail Bars'}]",4.1,"{'latitude': 42.35378689951551, 'longitude': -71.0484802125554}",[],,"{'address1': '70 Sleeper St', 'address2': '', 'address3': None, 'city': 'Boston', 'zip_code': '02210', 'country': 'US', 'state': 'MA', 'display_address': ['70 Sleeper St', 'Boston, MA 02210']}",+16175301559,(617) 530-1559,1983.9725189280045,"[{'open': [{'is_overnight': False, 'start': '0700', 'end': '2300', 'day': 0}, {'is_overnight': False, 'start': '0700', 'end': '2300', 'day': 1}, {'is_overnight': False, 'start': '0700', 'end': '2300', 'day': 2}, {'is_overnight': False, 'start': '0700', 'end': '2300', 'day': 3}, {'is_overnight': False, 'start': '0700', 'end': '2300', 'day': 4}, {'is_overnight': False, 'start': '0700', 'end': '2300', 'day': 5}, {'is_overnight': False, 'start': '0700', 'end': '2300', 'day': 6}], 'hours_type': 'REGULAR', 'is_open_now': True}]","{'business_temp_closed': None, 'menu_url': 'https://www.paramaria.com/#scroll-to-menus', 'open24_hours': None, 'waitlist_reservation': None}"
gScqKz8xWWd1iwapcYU6VA,chilacates-mexican-street-food-boston-2,Chilacates Mexican Street Food,https://s3-media1.fl.yelpcdn.com/bphoto/wmAXAxCk1Xi8B1eo73DDtA/o.jpg,False,https://www.yelp.com/biz/chilacates-mexican-street-food-boston-2?adjust_creative=LZkXjIasaeGxsBSkACtcwQ&utm_campaign=yelp_api_v3&utm_medium=api_v3_business_search&utm_source=LZkXjIasaeGxsBSkACtcwQ,77,"[{'alias': 'mexican', 'title': 'Mexican'}]",4.3,"{'latitude': 42.3322142595091, 'longitude': -71.09866863771515}","['pickup', 'delivery']",,"{'address1': '1482 A Tremont St', 'address2': '', 'address3': None, 'city': 'Boston', 'zip_code': '02120', 'country': 'US', 'state': 'MA', 'display_address': ['1482 A Tremont St', 'Boston, MA 02120']}",+16172385437,(617) 238-5437,2846.153177823836,"[{'open': [{'is_overnight': False, 'start': '1000', 'end': '2200', 'day': 0}, {'is_overnight': False, 'start': '1000', 'end': '2200', 'day': 1}, {'is_overnight': False, 'start': '1000', 'end': '2200', 'day': 2}, {'is_overnight': False, 'start': '1000', 'end': '2200', 'day': 3}, {'is_overnight': False, 'start': '1000', 'end': '2300', 'day': 4}, {'is_overnight': False, 'start': '0900', 'end': '2300', 'day': 5}, {'is_overnight': False, 'start': '0900', 'end': '2200', 'day': 6}], 'hours_type': 'REGULAR', 'is_open_now': True}]","{'business_temp_closed': None, 'menu_url': None, 'open24_hours': None, 'waitlist_reservation': None}"
g2BZOLMwHViRf9hsQfKm_w,el-pelón-taquería-boston-3,El Pelón Taquería,https://s3-media2.fl.yelpcdn.com/bphoto/4HUWsGZp29Q5r94KuV3Xlg/o.jpg,False,https://www.yelp.com/biz/el-pel%C3%B3n-taquer%C3%ADa-boston-3?adjust_creative=LZkXjIasaeGxsBSkACtcwQ&utm_campaign=yelp_api_v3&utm_medium=api_v3_business_search&utm_source=LZkXjIasaeGxsBSkACtcwQ,1215,"[{'alias': 'mexican', 'title': 'Mexican'}]",4.1,"{'latitude': 42.3432217195996, 'longitude': -71.0989652411179}","['pickup', 'delivery']",$,"{'address1': '92 Peterborough St', 'address2': '', 'address3': '', 'city': 'Boston', 'zip_code': '02215', 'country': 'US', 'state': 'MA', 'display_address': ['92 Peterborough St', 'Boston, MA 02215']}",+16172629090,(617) 262-9090,2348.2511290148846,"[{'open': [{'is_overnight': False, 'start': '1100', 'end': '2200', 'day': 0}, {'is_overnight': False, 'start': '1100', 'end': '2200', 'day': 1}, {'is_overnight': False, 'start': '1100', 'end': '2200', 'day': 2}, {'is_overnight': False, 'start': '1100', 'end': '2200', 'day': 3}, {'is_overnight': False, 'start': '1100', 'end': '2200', 'day': 4}, {'is_overnight': False, 'start': '1100', 'end': '2200', 'day': 5}, {'is_overnight': False, 'start': '1100', 'end': '2200', 'day': 6}], 'hours_type': 'REGULAR', 'is_open_now': True}]","{'business_temp_closed': None, 'menu_url': 'https://elpelon.com/regular-menu', 'open24_hours': None, 'waitlist_reservation': None}"
iQtGgTuPT7Zb_AHtLxl5sw,taqueria-jalisco-boston-2,Taqueria Jalisco,https://s3-media2.fl.yelpcdn.com/bphoto/ISl0O-OrL9d1d4io5JJWMA/o.jpg,False,https://www.yelp.com/biz/taqueria-jalisco-boston-2?adjust_creative=LZkXjIasaeGxsBSkACtcwQ&utm_campaign=yelp_api_v3&utm_medium=api_v3_business_search&utm_source=LZkXjIasaeGxsBSkACtcwQ,496,"[{'alias': 'mexican', 'title': 'Mexican'}]",4.6,"{'latitude': 42.37872, 'longitude': -71.02818}",['pickup'],$$,"{'address1': '291 Bennington St', 'address2': '', 'address3': '', 'city': 'Boston', 'zip_code': '02128', 'country': 'US', 'state': 'MA', 'display_address': ['291 Bennington St', 'Boston, MA 02128']}",+16175676367,(617) 567-6367,4928.131926670471,"[{'open': [{'is_overnight': False, 'start': '1000', 'end': '2200', 'day': 0}, {'is_overnight': False, 'start': '1000', 'end': '2200', 'day': 1}, {'is_overnight': False, 'start': '1000', 'end': '2200', 'day': 2}, {'is_overnight': False, 'start': '1000', 'end': '2200', 'day': 3}, {'is_overnight': False, 'start': '1000', 'end': '2200', 'day': 4}, {'is_overnight': False, 'start': '1000', 'end': '2300', 'day': 5}, {'is_overnight': False, 'start': '1000', 'end': '2200', 'day': 6}], 'hours_type': 'REGULAR', 'is_open_now': True}]","{'business_temp_closed': None, 'menu_url': None, 'open24_hours': None, 'waitlist_reservation': None}"
HJKGDdibWWWVA2yt2O2SOA,chilacates-mexican-street-food-boston-5,Chilacates Mexican Street Food,https://s3-media2.fl.yelpcdn.com/bphoto/88duxEbEQ0IvUzIPow8OJg/o.jpg,False,https://www.yelp.com/biz/chilacates-mexican-street-food-boston-5?adjust_creative=LZkXjIasaeGxsBSkACtcwQ&utm_campaign=yelp_api_v3&utm_medium=api_v3_business_search&utm_source=LZkXjIasaeGxsBSkACtcwQ,596,"[{'alias': 'mexican', 'title': 'Mexican'}]",4.5,"{'latitude': 42.31641476553873, 'longitude': -71.1031943131028}","['pickup', 'delivery']",$$,"{'address1': '224 Amory St', 'address2': None, 'address3': '', 'city': 'Boston', 'zip_code': '02130', 'country': 'US', 'state': 'MA', 'display_address': ['224 Amory St', 'Boston, MA 02130']}",+16175226000,(617) 522-6000,4371.457949111221,"[{'open': [{'is_overnight': False, 'start': '1100', 'end': '2200', 'day': 0}, {'is_overnight': False, 'start': '1100', 'end': '2200', 'day': 1}, {'is_overnight': False, 'start': '1100', 'end': '2200', 'day': 2}, {'is_overnight': False, 'start': '1100', 'end': '2200', 'day': 3}, {'is_overnight': False, 'start': '1100', 'end': '2300', 'day': 4}, {'is_overnight': False, 'start': '1100', 'end': '2300', 'day': 5}, {'is_overnight': False, 'start': '1100', 'end': '2200', 'day': 6}], 'hours_type': 'REGULAR', 'is_open_now': True}]","{'business_temp_closed': None, 'menu_url': None, 'open24_hours': None, 'waitlist_reservation': None}"
ovthxd_lV4rGyHKQBVePUA,naco-taco-on-newbury-boston,Naco Taco on Newbury,https://s3-media1.fl.yelpcdn.com/bphoto/nxdxVKVtLzkCiQHPp2HnMg/o.jpg,False,https://www.yelp.com/biz/naco-taco-on-newbury-boston?adjust_creative=LZkXjIasaeGxsBSkACtcwQ&utm_campaign=yelp_api_v3&utm_medium=api_v3_business_search&utm_source=LZkXjIasaeGxsBSkACtcwQ,53,"[{'alias': 'tacos', 'title': 'Tacos'}, {'alias': 'foodtrucks', 'title': 'Food Trucks'}]",4.3,"{'latitude': 42.34808, 'longitude': -71.0874}",['delivery'],$,"{'address1': '354 Newbury St', 'address2': None, 'address3': '', 'city': 'Boston', 'zip_code': '02115', 'country': 'US', 'state': 'MA', 'display_address': ['354 Newbury St', 'Boston, MA 02115']}",+16179451548,(617) 945-1548,1322.5782304158083,"[{'open': [{'is_overnight': False, 'start': '1100', 'end': '1600', 'day': 0}, {'is_overnight': False, 'start': '1100', 'end': '1600', 'day': 1}, {'is_overnight': False, 'start': '1100', 'end': '1600', 'day': 2}, {'is_overnight': False, 'start': '1100', 'end': '1600', 'day': 3}, {'is_overnight': False, 'start': '1100', 'end': '1600', 'day': 4}, {'is_overnight': False, 'start': '1100', 'end': '1600', 'day': 5}, {'is_overnight': False, 'start': '1100', 'end': '1600', 'day': 6}], 'hours_type': 'REGULAR', 'is_open_now': True}]","{'business_temp_closed': None, 'menu_url': None, 'open24_hours': None, 'waitlist_reservation': None}"
6m6CD-tzWV0lsYi89tPTKQ,el-centro-boston,El Centro,https://s3-media2.fl.yelpcdn.com/bphoto/saEBLcfh7AssumBsAQvUmg/o.jpg,False,https://www.yelp.com/biz/el-centro-boston?adjust_creative=LZkXjIasaeGxsBSkACtcwQ&utm_campaign=yelp_api_v3&utm_medium=api_v3_business_search&utm_source=LZkXjIasaeGxsBSkACtcwQ,430,"[{'alias': 'mexican', 'title': 'Mexican'}]",3.7,"{'latitude': 42.33858, 'longitude': -71.0759}",[],$$,"{'address1': '472 Shawmut Ave', 'address2': '', 'address3': '', 'city': 'Boston', 'zip_code': '02118', 'country': 'US', 'state': 'MA', 'display_address': ['472 Shawmut Ave', 'Boston, MA 02118']}",+16172625708,(617) 262-5708,1093.9708703426336,"[{'open': [{'is_overnight': False, 'start': '1100', 'end': '2100', 'day': 0}, {'is_overnight': False, 'start': '1100', 'end': '2200', 'day': 1}, {'is_overnight': False, 'start': '1100', 'end': '2200', 'day': 2}, {'is_overnight': False, 'start': '1100', 'end': '2200', 'day': 3}, {'is_overnight': False, 'start': '1100', 'end': '2200', 'day': 4}, {'is_overnight': False, 'start': '1100', 'end': '2200', 'day': 5}, {'is_overnight': False, 'start': '1100', 'end': '2100', 'day': 6}], 'hours_type': 'REGULAR', 'is_open_now': True}]","{'business_temp_closed': None, 'menu_url': '', 'open24_hours': None, 'waitlist_reservation': None}"
5l93IyxfZU4_Z_QRokb47Q,loco-taqueria-and-oyster-bar-fenway-boston,Loco Taqueria & Oyster Bar - Fenway,https://s3-media3.fl.yelpcdn.com/bphoto/eUWQKRBA8m5kEbljcEKTEw/o.jpg,False,https://www.yelp.com/biz/loco-taqueria-and-oyster-bar-fenway-boston?adjust_creative=LZkXjIasaeGxsBSkACtcwQ&utm_campaign=yelp_api_v3&utm_medium=api_v3_business_search&utm_source=LZkXjIasaeGxsBSkACtcwQ,58,"[{'alias': 'salad', 'title': 'Salad'}, {'alias': 'tacos', 'title': 'Tacos'}, {'alias': 'cocktailbars', 'title': 'Cocktail Bars'}]",3.6,"{'latitude': 42.3472, 'longitude': -71.099}",[],,"{'address1': '61 Brookline Ave', 'address2': None, 'address3': '', 'city': 'Boston', 'zip_code': '02215', 'country': 'US', 'state': 'MA', 'display_address': ['61 Brookline Ave', 'Boston, MA 02215']}",+18572770769,(857) 277-0769,2288.8897621071847,"[{'open': [{'is_overnight': True, 'start': '1100', 'end': '0100', 'day': 0}, {'is_overnight': True, 'start': '1100', 'end': '0100', 'day': 1}, {'is_overnight': True, 'start': '1100', 'end': '0100', 'day': 2}, {'is_overnight': True, 'start': '1100', 'end': '0100', 'day': 3}, {'is_overnight': True, 'start': '1100', 'end': '0100', 'day': 4}, {'is_overnight': True, 'start': '1000', 'end': '0100', 'day': 5}, {'is_overnight': True, 'start': '1000', 'end': '0100', 'day': 6}], 'hours_type': 'REGULAR', 'is_open_now': True}]","{'business_temp_closed': None, 'menu_url': 'https://www.locosouthboston.com/menus/', 'open24_hours': None, 'waitlist_reservation': None}"
X3ltF7mz6rPCSzRRrZjrPw,lone-star-taco-bar-cambridge,Lone Star Taco Bar,https://s3-media1.fl.yelpcdn.com/bphoto/3uX8lX2svPbnPtx0yrs61Q/o.jpg,False,https://www.yelp.com/biz/lone-star-taco-bar-cambridge?adjust_creative=LZkXjIasaeGxsBSkACtcwQ&utm_campaign=yelp_api_v3&utm_medium=api_v3_business_search&utm_source=LZkXjIasaeGxsBSkACtcwQ,413,"[{'alias': 'tacos', 'title': 'Tacos'}, {'alias': 'cocktailbars', 'title': 'Cocktail Bars'}]",4.0,"{'latitude': 42.37212, 'longitude': -71.08687}","['pickup', 'delivery']",$$,"{'address1': '635 Cambridge St', 'address2': '', 'address3': '', 'city': 'Cambridge', 'zip_code': '02141', 'country': 'US', 'state': 'MA', 'display_address': ['635 Cambridge St', 'Cambridge, MA 02141']}",+18572856179,(857) 285-6179,2989.5879339073836,"[{'open': [{'is_overnight': True, 'start': '1100', 'end': '0100', 'day': 0}, {'is_overnight': True, 'start': '1100', 'end': '0100', 'day': 1}, {'is_overnight': True, 'start': '1100', 'end': '0100', 'day': 2}, {'is_overnight': True, 'start': '1100', 'end': '0100', 'day': 3}, {'is_overnight': True, 'start': '1100', 'end': '0100', 'day': 4}, {'is_overnight': True, 'start': '1100', 'end': '0100', 'day': 5}, {'is_overnight': True, 'start': '1100', 'end': '0100', 'day': 6}], 'hours_type': 'REGULAR', 'is_open_now': True}]","{'business_temp_closed': None, 'menu_url': 'http://www.lonestar-boston.com/food.php', 'open24_hours': None, 'waitlist_reservation': None}"
e2fLdVyjH_7KqQ6SoDIM0Q,rosa-mexicano-boston-2,Rosa Mexicano,https://s3-media2.fl.yelpcdn.com/bphoto/ulDVIE027Kz5MWGYzzMOWQ/o.jpg,False,https://www.yelp.com/biz/rosa-mexicano-boston-2?adjust_creative=LZkXjIasaeGxsBSkACtcwQ&utm_campaign=yelp_api_v3&utm_medium=api_v3_business_search&utm_source=LZkXjIasaeGxsBSkACtcwQ,945,"[{'alias': 'mexican', 'title': 'Mexican'}, {'alias': 'salad', 'title': 'Salad'}, {'alias': 'cocktailbars', 'title': 'Cocktail Bars'}]",3.2,"{'latitude': 42.349724, 'longitude': -71.042906}","['pickup', 'delivery']",$$,"{'address1': '155 Seaport Blvd', 'address2': '', 'address3': '', 'city': 'Boston', 'zip_code': '02210', 'country': 'US', 'state': 'MA', 'display_address': ['155 Seaport Blvd', 'Boston, MA 02210']}",+16174766122,(617) 476-6122,2345.4666936507315,"[{'open': [{'is_overnight': False, 'start': '1130', 'end': '2200', 'day': 0}, {'is_overnight': False, 'start': '1130', 'end': '2200', 'day': 1}, {'is_overnight': False, 'start': '1130', 'end': '2200', 'day': 2}, {'is_overnight': False, 'start': '1130', 'end': '2200', 'day': 3}, {'is_overnight': False, 'start': '1100', 'end': '2300', 'day': 4}, {'is_overnight': False, 'start': '1100', 'end': '2300', 'day': 5}, {'is_overnight': False, 'start': '1100', 'end': '2200', 'day': 6}], 'hours_type': 'REGULAR', 'is_open_now': True}]","{'business_temp_closed': None, 'menu_url': '', 'open24_hours': None, 'waitlist_reservation': None}"
mtLoSQcEnZwDQZ_1mdYLyA,el-jefe-s-taqueria-symphony-boston,El Jefe’s Taqueria - Symphony,https://s3-media2.fl.yelpcdn.com/bphoto/XgWRURiunjRig5fmbj_JnA/o.jpg,False,https://www.yelp.com/biz/el-jefe-s-taqueria-symphony-boston?adjust_creative=LZkXjIasaeGxsBSkACtcwQ&utm_campaign=yelp_api_v3&utm_medium=api_v3_business_search&utm_source=LZkXjIasaeGxsBSkACtcwQ,64,"[{'alias': 'mexican', 'title': 'Mexican'}, {'alias': 'breakfast_brunch', 'title': 'Breakfast & Brunch'}]",4.0,"{'latitude': 42.34211502185245, 'longitude': -71.08611364310457}","['pickup', 'delivery']",$,"{'address1': '269 Huntington Ave', 'address2': '', 'address3': None, 'city': 'Boston', 'zip_code': '02115', 'country': 'US', 'state': 'MA', 'display_address': ['269 Huntington Ave', 'Boston, MA 02115']}",+16179363651,(617) 936-3651,1378.0561508630349,"[{'open': [{'is_overnight': True, 'start': '0800', 'end': '0300', 'day': 0}, {'is_overnight': True, 'start': '0800', 'end': '0300', 'day': 1}, {'is_overnight': True, 'start': '0800', 'end': '0300', 'day': 2}, {'is_overnight': True, 'start': '0800', 'end': '0300', 'day': 3}, {'is_overnight': True, 'start': '0800', 'end': '0300', 'day': 4}, {'is_overnight': True, 'start': '0800', 'end': '0300', 'day': 5}, {'is_overnight': True, 'start': '0800', 'end': '0300', 'day': 6}], 'hours_type': 'REGULAR', 'is_open_now': True}]","{'business_temp_closed': None, 'menu_url': 'http://eljefestaqueria.com/copy-of-menu', 'open24_hours': None, 'waitlist_reservation': None}"
01_V3jriaILJvam7JVSFTg,pink-taco-boston-2,Pink Taco,https://s3-media2.fl.yelpcdn.com/bphoto/fId7OHj5Zpr78IqGHHq6Dw/o.jpg,False,https://www.yelp.com/biz/pink-taco-boston-2?adjust_creative=LZkXjIasaeGxsBSkACtcwQ&utm_campaign=yelp_api_v3&utm_medium=api_v3_business_search&utm_source=LZkXjIasaeGxsBSkACtcwQ,536,"[{'alias': 'mexican', 'title': 'Mexican'}, {'alias': 'breakfast_brunch', 'title': 'Breakfast & Brunch'}, {'alias': 'bars', 'title': 'Bars'}]",3.2,"{'latitude': 42.34992, 'longitude': -71.04741}","['pickup', 'delivery']",$$,"{'address1': '374 Congress St', 'address2': None, 'address3': '', 'city': 'Boston', 'zip_code': '02210', 'country': 'US', 'state': 'MA', 'display_address': ['374 Congress St', 'Boston, MA 02210']}",+16175358070,(617) 535-8070,1974.2039154444867,"[{'open': [{'is_overnight': False, 'start': '1100', 'end': '2300', 'day': 0}, {'is_overnight': False, 'start': '1100', 'end': '2300', 'day': 1}, {'is_overnight': False, 'start': '1100', 'end': '2300', 'day': 2}, {'is_overnight': False, 'start': '1100', 'end': '2300', 'day': 3}, {'is_overnight': True, 'start': '1100', 'end': '0100', 'day': 4}, {'is_overnight': True, 'start': '1000', 'end': '0100', 'day': 5}, {'is_overnight': False, 'start': '1000', 'end': '2300', 'day': 6}], 'hours_type': 'REGULAR', 'is_open_now': True}]","{'business_temp_closed': None, 'menu_url': 'https://www.pinktaco.com/menus/boston-menu/', 'open24_hours': None, 'waitlist_reservation': None}"
gSkiRGUvY9pKdQ55cjWAuQ,tenoch-mexican-boston,Tenoch Mexican,https://s3-media4.fl.yelpcdn.com/bphoto/wiN501i9KCMYy45psvtUMw/o.jpg,False,https://www.yelp.com/biz/tenoch-mexican-boston?adjust_creative=LZkXjIasaeGxsBSkACtcwQ&utm_campaign=yelp_api_v3&utm_medium=api_v3_business_search&utm_source=LZkXjIasaeGxsBSkACtcwQ,376,"[{'alias': 'mexican', 'title': 'Mexican'}, {'alias': 'foodtrucks', 'title': 'Food Trucks'}]",4.3,"{'latitude': 42.363278, 'longitude': -71.051844}","['pickup', 'delivery']",$,"{'address1': '3 Lewis St', 'address2': '', 'address3': '', 'city': 'Boston', 'zip_code': '02110', 'country': 'US', 'state': 'MA', 'display_address': ['3 Lewis St', 'Boston, MA 02110']}",+16172489537,(617) 248-9537,2342.4666046646994,"[{'open': [{'is_overnight': False, 'start': '1100', 'end': '2100', 'day': 0}, {'is_overnight': False, 'start': '1100', 'end': '2100', 'day': 1}, {'is_overnight': False, 'start': '1100', 'end': '2100', 'day': 2}, {'is_overnight': False, 'start': '1100', 'end': '2100', 'day': 3}, {'is_overnight': False, 'start': '1100', 'end': '2100', 'day': 4}, {'is_overnight': False, 'start': '1100', 'end': '2100', 'day': 5}, {'is_overnight': False, 'start': '1100', 'end': '2100', 'day': 6}], 'hours_type': 'REGULAR', 'is_open_now': True}]","{'business_temp_closed': None, 'menu_url': 'http://www.tenochmexican.com/menu/', 'open24_hours': None, 'waitlist_reservation': None}"
sSmLFBCoZckSwB9tDpqdwQ,amber-road-bar-and-grille-boston,Amber Road Bar & Grille,https://s3-media3.fl.yelpcdn.com/bphoto/mEeEqj5bPquh784rrpV3fA/o.jpg,False,https://www.yelp.com/biz/amber-road-bar-and-grille-boston?adjust_creative=LZkXjIasaeGxsBSkACtcwQ&utm_campaign=yelp_api_v3&utm_medium=api_v3_business_search&utm_source=LZkXjIasaeGxsBSkACtcwQ,7,"[{'alias': 'wine_bars', 'title': 'Wine Bars'}, {'alias': 'tacos', 'title': 'Tacos'}, {'alias': 'cocktailbars', 'title': 'Cocktail Bars'}]",4.7,"{'latitude': 42.35511738812415, 'longitude': -71.05565210998701}",[],,"{'address1': '100 Federal St', 'address2': '', 'address3': None, 'city': 'Boston', 'zip_code': '02110', 'country': 'US', 'state': 'MA', 'display_address': ['100 Federal St', 'Boston, MA 02110']}",+16179363597,(617) 936-3597,1515.266542144509,"[{'open': [{'is_overnight': False, 'start': '1100', 'end': '2300', 'day': 0}, {'is_overnight': False, 'start': '1100', 'end': '2300', 'day': 1}, {'is_overnight': False, 'start': '1100', 'end': '2300', 'day': 2}, {'is_overnight': False, 'start': '1100', 'end': '2300', 'day': 3}, {'is_overnight': False, 'start': '1100', 'end': '2300', 'day': 4}, {'is_overnight': False, 'start': '1600', 'end': '2300', 'day': 5}], 'hours_type': 'REGULAR', 'is_open_now': True}]","{'business_temp_closed': None, 'menu_url': 'https://static1.squarespace.com/static/662964eaa7bfd13b60003b14/t/663f9e85e3a969123471784d/1715445382539/AMBER+ROAD+MENU+SUMMER+2024.pdf', 'open24_hours': None, 'waitlist_reservation': None}"
xyoagpWYgFuIKcCE425epA,naco-taco-cambridge-6,Naco Taco,https://s3-media4.fl.yelpcdn.com/bphoto/IYdBDc8rpOuSGUui-oq-bg/o.jpg,False,https://www.yelp.com/biz/naco-taco-cambridge-6?adjust_creative=LZkXjIasaeGxsBSkACtcwQ&utm_campaign=yelp_api_v3&utm_medium=api_v3_business_search&utm_source=LZkXjIasaeGxsBSkACtcwQ,606,"[{'alias': 'mexican', 'title': 'Mexican'}, {'alias': 'beerbar', 'title': 'Beer Bar'}, {'alias': 'cocktailbars', 'title': 'Cocktail Bars'}]",3.4,"{'latitude': 42.36234, 'longitude': -71.09811}","['pickup', 'delivery']",$$,"{'address1': '297 Massachusetts Ave', 'address2': '', 'address3': '', 'city': 'Cambridge', 'zip_code': '02139', 'country': 'US', 'state': 'MA', 'display_address': ['297 Massachusetts Ave', 'Cambridge, MA 02139']}",+16179451548,(617) 945-1548,2732.1038006918466,"[{'open': [{'is_overnight': False, 'start': '1100', 'end': '2200', 'day': 0}, {'is_overnight': False, 'start': '1100', 'end': '2200', 'day': 1}, {'is_overnight': False, 'start': '1100', 'end': '2200', 'day': 2}, {'is_overnight': False, 'start': '1100', 'end': '0000', 'day': 3}, {'is_overnight': False, 'start': '1100', 'end': '0000', 'day': 4}, {'is_overnight': False, 'start': '1100', 'end': '0000', 'day': 5}, {'is_overnight': False, 'start': '1100', 'end': '2200', 'day': 6}], 'hours_type': 'REGULAR', 'is_open_now': True}]","{'business_temp_closed': None, 'menu_url': 'http://nacocentral.com/menu-pdf', 'open24_hours': None, 'waitlist_reservation': None}"
5F5zalOZK00SJgtFRLgiNA,orale-mexican-grill-cambridge,ORALE Mexican Grill,https://s3-media3.fl.yelpcdn.com/bphoto/alXuKD43yQTMxXGP0_Vnhg/o.jpg,False,https://www.yelp.com/biz/orale-mexican-grill-cambridge?adjust_creative=LZkXjIasaeGxsBSkACtcwQ&utm_campaign=yelp_api_v3&utm_medium=api_v3_business_search&utm_source=LZkXjIasaeGxsBSkACtcwQ,124,"[{'alias': 'mexican', 'title': 'Mexican'}]",4.4,"{'latitude': 42.37254, 'longitude': -71.09087}","['pickup', 'delivery']",$$,"{'address1': '847 Cambridge St', 'address2': None, 'address3': '', 'city': 'Cambridge', 'zip_code': '02141', 'country': 'US', 'state': 'MA', 'display_address': ['847 Cambridge St', 'Cambridge, MA 02141']}",+16179452047,(617) 945-2047,3189.8347652017815,"[{'open': [{'is_overnight': False, 'start': '0900', 'end': '2100', 'day': 0}, {'is_overnight': False, 'start': '0900', 'end': '2100', 'day': 1}, {'is_overnight': False, 'start': '0900', 'end': '2100', 'day': 2}, {'is_overnight': False, 'start': '0900', 'end': '2100', 'day': 3}, {'is_overnight': False, 'start': '0900', 'end': '2200', 'day': 4}, {'is_overnight': False, 'start': '1030', 'end': '2200', 'day': 5}, {'is_overnight': False, 'start': '1030', 'end': '2100', 'day': 6}], 'hours_type': 'REGULAR', 'is_open_now': True}]","{'business_temp_closed': None, 'menu_url': None, 'open24_hours': None, 'waitlist_reservation': None}"
GNRXx5c2UjYPqBXNVMlMrA,el-triunfo-boston,El Triunfo,https://s3-media1.fl.yelpcdn.com/bphoto/_JYDvfoxWF_CI4szlQeNMA/o.jpg,False,https://www.yelp.com/biz/el-triunfo-boston?adjust_creative=LZkXjIasaeGxsBSkACtcwQ&utm_campaign=yelp_api_v3&utm_medium=api_v3_business_search&utm_source=LZkXjIasaeGxsBSkACtcwQ,284,"[{'alias': 'mexican', 'title': 'Mexican'}]",3.4,"{'latitude': 42.3435162508759, 'longitude': -71.0647949649984}","['delivery', 'pickup']",$,"{'address1': '147 E Berkeley St', 'address2': None, 'address3': '', 'city': 'Boston', 'zip_code': '02118', 'country': 'US', 'state': 'MA', 'display_address': ['147 E Berkeley St', 'Boston, MA 02118']}",+16175428499,(617) 542-8499,715.6612872913719,"[{'open': [{'is_overnight': True, 'start': '1100', 'end': '0300', 'day': 0}, {'is_overnight': True, 'start': '1100', 'end': '0300', 'day': 1}, {'is_overnight': True, 'start': '1100', 'end': '0300', 'day': 2}, {'is_overnight': True, 'start': '1100', 'end': '0300', 'day': 3}, {'is_overnight': True, 'start': '1100', 'end': '0300', 'day': 4}, {'is_overnight': True, 'start': '1100', 'end': '0300', 'day': 5}, {'is_overnight': True, 'start': '1100', 'end': '0300', 'day': 6}], 'hours_type': 'REGULAR', 'is_open_now': True}]","{'business_temp_closed': None, 'menu_url': 'http://eltriunfotogo.com/menu.html', 'open24_hours': None, 'waitlist_reservation': None}"
_4_G7KMUVCXUUYjLU_XrYA,the-corner-restaurant-boston,The Corner Restaurant,https://s3-media1.fl.yelpcdn.com/bphoto/tEIGDZqSGJdbzRAXGOhAaA/o.jpg,False,https://www.yelp.com/biz/the-corner-restaurant-boston?adjust_creative=LZkXjIasaeGxsBSkACtcwQ&utm_campaign=yelp_api_v3&utm_medium=api_v3_business_search&utm_source=LZkXjIasaeGxsBSkACtcwQ,2,"[{'alias': 'burgers', 'title': 'Burgers'}, {'alias': 'mexican', 'title': 'Mexican'}, {'alias': 'sandwiches', 'title': 'Sandwiches'}]",3.0,"{'latitude': 42.378269, 'longitude': -71.06087}",['pickup'],,"{'address1': '156 Bunker Hill St', 'address2': None, 'address3': '', 'city': 'Boston', 'zip_code': '02129', 'country': 'US', 'state': 'MA', 'display_address': ['156 Bunker Hill St', 'Boston, MA 02129']}",+16172425494,(617) 242-5494,3488.7767215376352,"[{'open': [{'is_overnight': False, 'start': '0700', 'end': '2100', 'day': 0}, {'is_overnight': False, 'start': '0700', 'end': '2100', 'day': 1}, {'is_overnight': False, 'start': '0700', 'end': '2100', 'day': 2}, {'is_overnight': False, 'start': '0700', 'end': '2100', 'day': 3}, {'is_overnight': False, 'start': '0700', 'end': '2100', 'day': 4}, {'is_overnight': False, 'start': '0700', 'end': '2100', 'day': 5}, {'is_overnight': False, 'start': '0800', 'end': '2000', 'day': 6}], 'hours_type': 'REGULAR', 'is_open_now': True}]","{'business_temp_closed': None, 'menu_url': None, 'open24_hours': None, 'waitlist_reservation': None}"
TlYGhaKsjhT4Cq-gRlnVUg,gogo-ya-boston,Gogo ya,https://s3-media1.fl.yelpcdn.com/bphoto/gMwIBJdMPeCnAR5eOSguWQ/o.jpg,False,https://www.yelp.com/biz/gogo-ya-boston?adjust_creative=LZkXjIasaeGxsBSkACtcwQ&utm_campaign=yelp_api_v3&utm_medium=api_v3_business_search&utm_source=LZkXjIasaeGxsBSkACtcwQ,43,"[{'alias': 'japanese', 'title': 'Japanese'}, {'alias': 'tacos', 'title': 'Tacos'}]",3.8,"{'latitude': 42.34396, 'longitude': -71.10319}",[],$$,"{'address1': '401 Park Dr', 'address2': '', 'address3': 'Time Out Market', 'city': 'Boston', 'zip_code': '02215', 'country': 'US', 'state': 'MA', 'display_address': ['401 Park Dr', 'Time Out Market', 'Boston, MA 02215']}",+19783938088,(978) 393-8088,2647.116092968785,"[{'open': [{'is_overnight': False, 'start': '1130', 'end': '2200', 'day': 0}, {'is_overnight': False, 'start': '1130', 'end': '2200', 'day': 1}, {'is_overnight': False, 'start': '1130', 'end': '2200', 'day': 2}, {'is_overnight': False, 'start': '1130', 'end': '2200', 'day': 3}, {'is_overnight': False, 'start': '1130', 'end': '2300', 'day': 4}, {'is_overnight': False, 'start': '1100', 'end': '2300', 'day': 5}, {'is_overnight': False, 'start': '1100', 'end': '2200', 'day': 6}], 'hours_type': 'REGULAR', 'is_open_now': True}]","{'business_temp_closed': None, 'menu_url': None, 'open24_hours': None, 'waitlist_reservation': None}"
yOg5qP48KLmVeE2vwdP4Sw,el-barrio-mexican-grill-boston,El Barrio Mexican Grill,https://s3-media2.fl.yelpcdn.com/bphoto/f4kDy-pMYiOijhIC1lC6Tg/o.jpg,False,https://www.yelp.com/biz/el-barrio-mexican-grill-boston?adjust_creative=LZkXjIasaeGxsBSkACtcwQ&utm_campaign=yelp_api_v3&utm_medium=api_v3_business_search&utm_source=LZkXjIasaeGxsBSkACtcwQ,24,"[{'alias': 'mexican', 'title': 'Mexican'}]",3.5,"{'latitude': 42.33582, 'longitude': -71.07426}","['pickup', 'delivery']",,"{'address1': '809 Harrison Ave', 'address2': '', 'address3': None, 'city': 'Boston', 'zip_code': '02118', 'country': 'US', 'state': 'MA', 'display_address': ['809 Harrison Ave', 'Boston, MA 02118']}",+16176390311,(617) 639-0311,1361.3886361055183,"[{'open': [{'is_overnight': False, 'start': '1000', 'end': '2100', 'day': 0}, {'is_overnight': False, 'start': '1000', 'end': '2100', 'day': 1}, {'is_overnight': False, 'start': '1000', 'end': '2100', 'day': 2}, {'is_overnight': False, 'start': '1000', 'end': '2100', 'day': 3}, {'is_overnight': False, 'start': '1000', 'end': '2100', 'day': 4}, {'is_overnight': False, 'start': '1000', 'end': '2000', 'day': 5}], 'hours_type': 'REGULAR', 'is_open_now': True}]","{'business_temp_closed': None, 'menu_url': 'https://elbarrioboston.com/menu/elbarriomexicangrill-2', 'open24_hours': None, 'waitlist_reservation': None}"
D6wyapYXP4lwLWjf-8_I4g,sabroso-taqueria-boston-4,Sabroso Taqueria,https://s3-media2.fl.yelpcdn.com/bphoto/JMMue_MxQFGCQlMqBZNJyw/o.jpg,False,https://www.yelp.com/biz/sabroso-taqueria-boston-4?adjust_creative=LZkXjIasaeGxsBSkACtcwQ&utm_campaign=yelp_api_v3&utm_medium=api_v3_business_search&utm_source=LZkXjIasaeGxsBSkACtcwQ,134,"[{'alias': 'mexican', 'title': 'Mexican'}]",4.1,"{'latitude': 42.35727, 'longitude': -71.05458}",['delivery'],$,"{'address1': '2 Oliver St', 'address2': '', 'address3': '', 'city': 'Boston', 'zip_code': '02109', 'country': 'US', 'state': 'MA', 'display_address': ['2 Oliver St', 'Boston, MA 02109']}",+18579911015,(857) 991-1015,1733.6828076757913,"[{'open': [{'is_overnight': False, 'start': '1030', 'end': '1500', 'day': 0}, {'is_overnight': False, 'start': '1030', 'end': '1500', 'day': 1}, {'is_overnight': False, 'start': '1030', 'end': '1500', 'day': 2}, {'is_overnight': False, 'start': '1030', 'end': '1500', 'day': 3}, {'is_overnight': False, 'start': '1030', 'end': '1500', 'day': 4}], 'hours_type': 'REGULAR', 'is_open_now': True}]","{'business_temp_closed': None, 'menu_url': '', 'open24_hours': None, 'waitlist_reservation': None}"
-p9F79UO0SUYSEhMC0ZLKw,annas-taqueria-boston,Anna's Taqueria,https://s3-media2.fl.yelpcdn.com/bphoto/ShyUPWBOwgn6M4ZUHMmtgA/o.jpg,False,https://www.yelp.com/biz/annas-taqueria-boston?adjust_creative=LZkXjIasaeGxsBSkACtcwQ&utm_campaign=yelp_api_v3&utm_medium=api_v3_business_search&utm_source=LZkXjIasaeGxsBSkACtcwQ,471,"[{'alias': 'mexican', 'title': 'Mexican'}]",3.2,"{'latitude': 42.3610414265935, 'longitude': -71.0679904717241}","['pickup', 'delivery']",$,"{'address1': '242 Cambridge St', 'address2': '', 'address3': '', 'city': 'Boston', 'zip_code': '02114', 'country': 'US', 'state': 'MA', 'display_address': ['242 Cambridge St', 'Boston, MA 02114']}",+16172278822,(617) 227-8822,1491.8812006681942,"[{'open': [{'is_overnight': False, 'start': '1000', 'end': '2300', 'day': 0}, {'is_overnight': False, 'start': '1000', 'end': '2300', 'day': 1}, {'is_overnight': False, 'start': '1000', 'end': '2300', 'day': 2}, {'is_overnight': False, 'start': '1000', 'end': '2300', 'day': 3}, {'is_overnight': False, 'start': '1000', 'end': '2300', 'day': 4}, {'is_overnight': False, 'start': '1000', 'end': '2300', 'day': 5}, {'is_overnight': False, 'start': '1000', 'end': '2300', 'day': 6}], 'hours_type': 'REGULAR', 'is_open_now': True}]","{'business_temp_closed': None, 'menu_url': 'http://www.annas.com/menu', 'open24_hours': None, 'waitlist_reservation': False}"
bgV_tFbmVDKBxZni2my7XA,mi-pueblito-restaurant-boston,Mi Pueblito Restaurant,https://s3-media4.fl.yelpcdn.com/bphoto/vMS4zhRIJgRGQqpKF1aI4A/o.jpg,False,https://www.yelp.com/biz/mi-pueblito-restaurant-boston?adjust_creative=LZkXjIasaeGxsBSkACtcwQ&utm_campaign=yelp_api_v3&utm_medium=api_v3_business_search&utm_source=LZkXjIasaeGxsBSkACtcwQ,220,"[{'alias': 'mexican', 'title': 'Mexican'}, {'alias': 'salvadoran', 'title': 'Salvadoran'}, {'alias': 'seafood', 'title': 'Seafood'}]",4.2,"{'latitude': 42.37904, 'longitude': -71.03989}",['pickup'],$$,"{'address1': '333 Border St', 'address2': '', 'address3': '', 'city': 'Boston', 'zip_code': '02128', 'country': 'US', 'state': 'MA', 'display_address': ['333 Border St', 'Boston, MA 02128']}",+16175693787,(617) 569-3787,4322.42758148936,"[{'open': [{'is_overnight': False, 'start': '0800', 'end': '2300', 'day': 0}, {'is_overnight': False, 'start': '0800', 'end': '2300', 'day': 1}, {'is_overnight': False, 'start': '0800', 'end': '2300', 'day': 2}, {'is_overnight': False, 'start': '0800', 'end': '2300', 'day': 3}, {'is_overnight': False, 'start': '0800', 'end': '2300', 'day': 4}, {'is_overnight': False, 'start': '0800', 'end': '2300', 'day': 5}, {'is_overnight': False, 'start': '0800', 'end': '2300', 'day': 6}], 'hours_type': 'REGULAR', 'is_open_now': True}]","{'business_temp_closed': None, 'menu_url': '', 'open24_hours': None, 'waitlist_reservation': None}"
F_YxYgM3HeWFgBUwZ-ieqw,el-triunfo-charlestown,El Triunfo,https://s3-media3.fl.yelpcdn.com/bphoto/MoLHktc3zEAvxn3ZBciXXg/o.jpg,False,https://www.yelp.com/biz/el-triunfo-charlestown?adjust_creative=LZkXjIasaeGxsBSkACtcwQ&utm_campaign=yelp_api_v3&utm_medium=api_v3_business_search&utm_source=LZkXjIasaeGxsBSkACtcwQ,1,"[{'alias': 'mexican', 'title': 'Mexican'}]",5.0,"{'latitude': 42.38255, 'longitude': -71.0792}","['pickup', 'delivery']",,"{'address1': '99 Cambridge St', 'address2': None, 'address3': None, 'city': 'Charlestown', 'zip_code': '02129', 'country': 'US', 'state': 'MA', 'display_address': ['99 Cambridge St', 'Charlestown, MA 02129']}",+16173986902,(617) 398-6902,3913.1764430698063,"[{'open': [{'is_overnight': False, 'start': '1100', 'end': '2300', 'day': 0}, {'is_overnight': False, 'start': '1100', 'end': '2300', 'day': 1}, {'is_overnight': False, 'start': '1100', 'end': '2300', 'day': 2}, {'is_overnight': False, 'start': '1100', 'end': '2300', 'day': 3}, {'is_overnight': False, 'start': '1100', 'end': '2300', 'day': 4}, {'is_overnight': False, 'start': '1100', 'end': '2300', 'day': 5}, {'is_overnight': False, 'start': '1100', 'end': '2300', 'day': 6}], 'hours_type': 'REGULAR', 'is_open_now': True}]","{'business_temp_closed': None, 'menu_url': None, 'open24_hours': None, 'waitlist_reservation': None}"
A--_gxXUMp4caZzQlLPLoA,temazcal-tequila-cantina-boston,Temazcal Tequila Cantina,https://s3-media1.fl.yelpcdn.com/bphoto/h_J1ma14S1sltFDvU9YFaA/o.jpg,False,https://www.yelp.com/biz/temazcal-tequila-cantina-boston?adjust_creative=LZkXjIasaeGxsBSkACtcwQ&utm_campaign=yelp_api_v3&utm_medium=api_v3_business_search&utm_source=LZkXjIasaeGxsBSkACtcwQ,984,"[{'alias': 'mexican', 'title': 'Mexican'}, {'alias': 'seafood', 'title': 'Seafood'}, {'alias': 'cocktailbars', 'title': 'Cocktail Bars'}]",3.1,"{'latitude': 42.348829346236, 'longitude': -71.03836869201}",['delivery'],$$,"{'address1': '250 Northern Ave', 'address2': '', 'address3': '', 'city': 'Boston', 'zip_code': '02210', 'country': 'US', 'state': 'MA', 'display_address': ['250 Northern Ave', 'Boston, MA 02210']}",+16174393502,(617) 439-3502,2703.86444025981,"[{'open': [{'is_overnight': True, 'start': '1100', 'end': '0100', 'day': 0}, {'is_overnight': True, 'start': '1100', 'end': '0100', 'day': 1}, {'is_overnight': True, 'start': '1100', 'end': '0100', 'day': 2}, {'is_overnight': True, 'start': '1100', 'end': '0100', 'day': 3}, {'is_overnight': True, 'start': '1100', 'end': '0100', 'day': 4}, {'is_overnight': True, 'start': '1100', 'end': '0100', 'day': 5}, {'is_overnight': True, 'start': '1000', 'end': '0100', 'day': 6}], 'hours_type': 'REGULAR', 'is_open_now': True}]","{'business_temp_closed': None, 'menu_url': 'http://www.temazcalcantina.com/en-us/menus/temazcalseaportmenus2.aspx', 'open24_hours': None, 'waitlist_reservation': None}"
G-b4_tRQILLpn1G-9n8LyQ,tenóch-mexican-cambridge,Tenóch Mexican,https://s3-media2.fl.yelpcdn.com/bphoto/UB-g1uEkwD1vuOM4avh_Xw/o.jpg,False,https://www.yelp.com/biz/ten%C3%B3ch-mexican-cambridge?adjust_creative=LZkXjIasaeGxsBSkACtcwQ&utm_campaign=yelp_api_v3&utm_medium=api_v3_business_search&utm_source=LZkXjIasaeGxsBSkACtcwQ,5,"[{'alias': 'mexican', 'title': 'Mexican'}, {'alias': 'juicebars', 'title': 'Juice Bars & Smoothies'}, {'alias': 'sandwiches', 'title': 'Sandwiches'}]",3.4,"{'latitude': 42.37019, 'longitude': -71.0717}","['pickup', 'delivery']",,"{'address1': '10 Museum Way', 'address2': '', 'address3': None, 'city': 'Cambridge', 'zip_code': '02141', 'country': 'US', 'state': 'MA', 'display_address': ['10 Museum Way', 'Cambridge, MA 02141']}",,,2435.9012637140204,"[{'open': [{'is_overnight': False, 'start': '1100', 'end': '2100', 'day': 0}, {'is_overnight': False, 'start': '1100', 'end': '2100', 'day': 1}, {'is_overnight': False, 'start': '1100', 'end': '2100', 'day': 2}, {'is_overnight': False, 'start': '1100', 'end': '2100', 'day': 3}, {'is_overnight': False, 'start': '1100', 'end': '2100', 'day': 4}, {'is_overnight': False, 'start': '1100', 'end': '2100', 'day': 5}, {'is_overnight': False, 'start': '1100', 'end': '2100', 'day': 6}], 'hours_type': 'REGULAR', 'is_open_now': True}]","{'business_temp_closed': None, 'menu_url': 'https://www.tenochmexican.com/menu', 'open24_hours': None, 'waitlist_reservation': None}"
Fbl_u6kesXyDObHqXvOzKQ,bodega-canal-boston,Bodega Canal,https://s3-media1.fl.yelpcdn.com/bphoto/DVtFnIqy8ansjfHT2nqBsA/o.jpg,False,https://www.yelp.com/biz/bodega-canal-boston?adjust_creative=LZkXjIasaeGxsBSkACtcwQ&utm_campaign=yelp_api_v3&utm_medium=api_v3_business_search&utm_source=LZkXjIasaeGxsBSkACtcwQ,262,"[{'alias': 'mexican', 'title': 'Mexican'}]",2.9,"{'latitude': 42.36387, 'longitude': -71.05913}","['pickup', 'delivery']",$$,"{'address1': '57 Canal St', 'address2': None, 'address3': '', 'city': 'Boston', 'zip_code': '02114', 'country': 'US', 'state': 'MA', 'display_address': ['57 Canal St', 'Boston, MA 02114']}",+16178334885,(617) 833-4885,2042.924349132127,"[{'open': [{'is_overnight': False, 'start': '1700', 'end': '2300', 'day': 1}, {'is_overnight': False, 'start': '1700', 'end': '2300', 'day': 2}, {'is_overnight': False, 'start': '1700', 'end': '2300', 'day': 3}, {'is_overnight': True, 'start': '1700', 'end': '0200', 'day': 4}, {'is_overnight': True, 'start': '1700', 'end': '0200', 'day': 5}], 'hours_type': 'REGULAR', 'is_open_now': False}]","{'business_temp_closed': None, 'menu_url': 'https://www.bodegacanal.com/menu', 'open24_hours': None, 'waitlist_reservation': None}"
D-z1XnTchuxIg1zX2YFeMg,los-alebrijes-boston,Los Alebrijes,https://s3-media2.fl.yelpcdn.com/bphoto/ztRiAuGo9rfN-esjZUpPzw/o.jpg,False,https://www.yelp.com/biz/los-alebrijes-boston?adjust_creative=LZkXjIasaeGxsBSkACtcwQ&utm_campaign=yelp_api_v3&utm_medium=api_v3_business_search&utm_source=LZkXjIasaeGxsBSkACtcwQ,13,"[{'alias': 'mexican', 'title': 'Mexican'}]",4.8,"{'latitude': 42.36926, 'longitude': -71.04013}",[],,"{'address1': '192 Sumner St', 'address2': None, 'address3': '', 'city': 'Boston', 'zip_code': '02128', 'country': 'US', 'state': 'MA', 'display_address': ['192 Sumner St', 'Boston, MA 02128']}",+16176180305,(617) 618-0305,3486.5193777986456,"[{'open': [{'is_overnight': False, 'start': '1000', 'end': '2300', 'day': 0}, {'is_overnight': False, 'start': '1000', 'end': '2300', 'day': 1}, {'is_overnight': False, 'start': '1000', 'end': '2300', 'day': 2}, {'is_overnight': False, 'start': '1000', 'end': '2300', 'day': 3}, {'is_overnight': False, 'start': '1000', 'end': '2300', 'day': 4}, {'is_overnight': False, 'start': '0900', 'end': '2300', 'day': 5}, {'is_overnight': False, 'start': '0900', 'end': '2300', 'day': 6}], 'hours_type': 'REGULAR', 'is_open_now': True}]","{'business_temp_closed': None, 'menu_url': None, 'open24_hours': None, 'waitlist_reservation': None}"
JclKcvXD-RM8rs35eGc_Zw,borrachito-taqueria-and-spirits-boston-2,Borrachito Taqueria & Spirits,https://s3-media2.fl.yelpcdn.com/bphoto/XkkiU4ooL1gFJWxZjJuTJA/o.jpg,False,https://www.yelp.com/biz/borrachito-taqueria-and-spirits-boston-2?adjust_creative=LZkXjIasaeGxsBSkACtcwQ&utm_campaign=yelp_api_v3&utm_medium=api_v3_business_search&utm_source=LZkXjIasaeGxsBSkACtcwQ,68,"[{'alias': 'tacos', 'title': 'Tacos'}, {'alias': 'cocktailbars', 'title': 'Cocktail Bars'}]",3.7,"{'latitude': 42.349848, 'longitude': -71.043809}","['pickup', 'delivery']",,"{'address1': '70 Pier 4 Blvd', 'address2': 'Ste 270', 'address3': '', 'city': 'Boston', 'zip_code': '02210', 'country': 'US', 'state': 'MA', 'display_address': ['70 Pier 4 Blvd', 'Ste 270', 'Boston, MA 02210']}",+18572770119,(857) 277-0119,2273.594796235749,"[{'open': [{'is_overnight': True, 'start': '1100', 'end': '0200', 'day': 0}, {'is_overnight': True, 'start': '1100', 'end': '0200', 'day': 1}, {'is_overnight': True, 'start': '1100', 'end': '0200', 'day': 2}, {'is_overnight': True, 'start': '1100', 'end': '0200', 'day': 3}, {'is_overnight': True, 'start': '1100', 'end': '0200', 'day': 4}, {'is_overnight': True, 'start': '1100', 'end': '0200', 'day': 5}, {'is_overnight': False, 'start': '1100', 'end': '0000', 'day': 6}], 'hours_type': 'REGULAR', 'is_open_now': True}]","{'business_temp_closed': None, 'menu_url': None, 'open24_hours': None, 'waitlist_reservation': None}"
26oMUEMV7l87oaAExhOX0g,chilacates-mexican-street-food-boston-6,Chilacates Mexican Street Food,https://s3-media1.fl.yelpcdn.com/bphoto/nGHVXysNhD4Bch9kpESrbg/o.jpg,False,https://www.yelp.com/biz/chilacates-mexican-street-food-boston-6?adjust_creative=LZkXjIasaeGxsBSkACtcwQ&utm_campaign=yelp_api_v3&utm_medium=api_v3_business_search&utm_source=LZkXjIasaeGxsBSkACtcwQ,13,"[{'alias': 'mexican', 'title': 'Mexican'}]",3.4,"{'latitude': 42.363048857803086, 'longitude': -71.06420589999999}","['pickup', 'delivery']",,"{'address1': '66 Staniford St', 'address2': None, 'address3': '', 'city': 'Boston', 'zip_code': '02114', 'country': 'US', 'state': 'MA', 'display_address': ['66 Staniford St', 'Boston, MA 02114']}",+18579570198,(857) 957-0198,1787.1009620170257,"[{'open': [{'is_overnight': False, 'start': '1100', 'end': '2300', 'day': 0}, {'is_overnight': False, 'start': '1100', 'end': '2300', 'day': 1}, {'is_overnight': False, 'start': '1100', 'end': '2300', 'day': 2}, {'is_overnight': False, 'start': '1100', 'end': '2300', 'day': 3}, {'is_overnight': False, 'start': '1100', 'end': '2300', 'day': 4}, {'is_overnight': False, 'start': '1100', 'end': '2300', 'day': 5}, {'is_overnight': False, 'start': '1100', 'end': '2300', 'day': 6}], 'hours_type': 'REGULAR', 'is_open_now': True}]","{'business_temp_closed': None, 'menu_url': None, 'open24_hours': None, 'waitlist_reservation': None}"
-wB-P4r8knsWw17CTXRamQ,bono-restaurant-and-catering-boston,Bono Restaurant and Catering,https://s3-media3.fl.yelpcdn.com/bphoto/mV4PSDbcfwY4EbxxmAUqmQ/o.jpg,False,https://www.yelp.com/biz/bono-restaurant-and-catering-boston?adjust_creative=LZkXjIasaeGxsBSkACtcwQ&utm_campaign=yelp_api_v3&utm_medium=api_v3_business_search&utm_source=LZkXjIasaeGxsBSkACtcwQ,53,"[{'alias': 'latin', 'title': 'Latin American'}, {'alias': 'mexican', 'title': 'Mexican'}, {'alias': 'tapas', 'title': 'Tapas Bars'}]",4.8,"{'latitude': 42.37631, 'longitude': -71.03893}","['pickup', 'delivery']",,"{'address1': '271 Meridian St', 'address2': None, 'address3': '', 'city': 'Boston', 'zip_code': '02128', 'country': 'US', 'state': 'MA', 'display_address': ['271 Meridian St', 'Boston, MA 02128']}",+18572011325,(857) 201-1325,4128.292340422383,"[{'open': [{'is_overnight': False, 'start': '1100', 'end': '2300', 'day': 0}, {'is_overnight': False, 'start': '1100', 'end': '2300', 'day': 1}, {'is_overnight': False, 'start': '1100', 'end': '0000', 'day': 2}, {'is_overnight': False, 'start': '0900', 'end': '0000', 'day': 3}, {'is_overnight': False, 'start': '0900', 'end': '0000', 'day': 4}, {'is_overnight': False, 'start': '0900', 'end': '0000', 'day': 5}, {'is_overnight': False, 'start': '0900', 'end': '2300', 'day': 6}], 'hours_type': 'REGULAR', 'is_open_now': True}]","{'business_temp_closed': None, 'menu_url': None, 'open24_hours': None, 'waitlist_reservation': None}"
